date,Copper_cash,Copper_12m,Nickel_cash,Nickel_12m,CokingCoal_12m,CokingCoal_cash,IronOre_cash,IronOre_12m,ThermalCoal_cash,ThermalCoal_12m,Platinum_cash,Platinum_12m,NatGas_cash,NatGas_12m
31.12.1999,1861.75,1935.5,8446,7985,,,,,,,430.2,,2.329,2.72
07.01.2000,1857,1923.25,8207,7875,,,,,,,396,,2.173,2.694
14.01.2000,1863.75,1940,8163,7985,,,,,,,410.4,,2.322,2.735
21.01.2000,1891.5,1966.25,8495,8012,,,,,,,427,,2.485,2.82
28.01.2000,1827.25,1913.5,8635,8135,,,,,,,453.8,,2.532,2.683
04.02.2000,1798.5,1874.25,9110,8357,,,,,,,479.5,,2.74,2.708
11.02.2000,1849,1929,9850,8762,,,,,,,526.4,,2.57,2.797
18.02.2000,1819,1901.5,9921,8866,,,,,,,503.2,,2.633,2.835
25.02.2000,1799.5,1882.5,10145,8903,,,,,,,452.1,,2.603,2.847
03.03.2000,1746,1819.75,10235,8870,,,,,,,459.5,,2.755,2.835
10.03.2000,1738.5,1814.5,10515,8810,,,,,,,470.7,,2.774,2.839
17.03.2000,1783,1857,10345,8470,,,,,,,484.8,,2.785,2.84
24.03.2000,1758.5,1837,10272,8505,,,,,,,478.7,,2.836,2.85
31.03.2000,1740.5,1817.5,10175,8395,,,,,,,496.4,,2.945,2.735
07.04.2000,1668.25,1742,9305,7860,,,,,,,462.9,,2.971,2.753
14.04.2000,1649.5,1726,9555,8275,,,,,,,487.6,,3.078,2.825
21.04.2000,1676.5,1759.5,9540,8125,,,,,,,462.8,,3.073,2.836
28.04.2000,1730,1806.5,10035,8560,,,,,,,498.7,,3.141,2.83
05.05.2000,1799.5,1848,9880,8480,,,,,,,473.4,,3.025,2.815
12.05.2000,1818.25,1844.5,10105,8590,,,,,,,484.8,,3.354,3.005
19.05.2000,1821.5,1837,10525,8980,,,,,,,524.4,,3.825,3.335
26.05.2000,1807,1830.5,10330,8690,,,,,,,539.4,,4.406,3.672
02.06.2000,1737.75,1761.75,9239,7925,,,,,,,552.3,,4.043,3.457
09.06.2000,1739.25,1768.75,8415,7306,,,,,,,537.8,,4.16,3.396
16.06.2000,1790.25,1810.25,8035,6991,,,,,,,534.1,,4.488,3.601
23.06.2000,1763.25,1776,7800,6875,,,,,,,551.1,,4.448,3.515
30.06.2000,1776.25,1779.25,8282,7120,,,,,,,565.5,,4.476,3.438
07.07.2000,1756.25,1762,8315,7235,,,,,,,530.5,,4.262,3.463
14.07.2000,1786.25,1793.5,8097,7320,,,,,,,562,,4.15,3.622
21.07.2000,1851,1864.5,8120,7295,,,,,,,578.2,,3.834,3.453
28.07.2000,1859.75,1871.75,7685,7055,,,,,,,565.7,,3.845,3.582
04.08.2000,1861.75,1864.25,7452,6860,,,,,,,572.8,,4.296,3.703
11.08.2000,1856.5,1855.5,7710,6825,,,,,,,566.4,,4.47,3.61
18.08.2000,1872,1875,8010,7100,,,,,,,564.8,,4.436,3.691
25.08.2000,1857.25,1871,8595,7525,,,,,,,580.7,,4.628,3.76
01.09.2000,1918.25,1931,8450,7450,,,,,,,595.3,,4.835,3.935
08.09.2000,1970,1970,8680,7640,,,,,,,612.1,,4.88,4.119
15.09.2000,1998.25,1984,8630,7500,,,,,,,592,,5.21,4.32
22.09.2000,1994.75,1988,8725,7420,,,,,,,584.5,,5.131,4.45
29.09.2000,1982.75,1978.25,8500,7445,,,,,,,578.8,,5.186,4.415
06.10.2000,1958.75,1926,8050,7105,,,,,,,570.8,,5.008,4.346
13.10.2000,1935.5,1925.5,7725,6990,,,,,,,575.3,,5.537,4.712
20.10.2000,1873,1868,7350,6480,,,,,,,583.5,,4.937,4.323
27.10.2000,1831,1837.75,7160,6380,,,,,,,566.5,,4.541,3.98
03.11.2000,1831.75,1832.5,7410,6810,,,,,,,590.3,,4.931,4.409
10.11.2000,1807.5,1805.5,7340,6690,,,,,,,592.6,,5.456,4.535
17.11.2000,1790.25,1807.75,7110,6550,,,,,,,585.5,,6.1,4.53
24.11.2000,1796.75,1826.5,7295,6585,,,,,,,583.3,,6.577,4.615
01.12.2000,1843,1855.5,7367,6755,,,,,,,611.3,,6.673,5.07
08.12.2000,1911,1908,7505,6895,,,,,,,607.9,,8.584,5.126
15.12.2000,1897,1892,7140,6675,,,,,,,610.7,,8.396,5.24
22.12.2000,1834.75,1837,7175,6610,,,,,,,610.1,,9.579,5.315
29.12.2000,1809,1827,7065,6550,,,,,,,609.6,,9.775,5.49
05.01.2001,1754.5,1765.5,6470,6185,,,,,,,619.7,,9.261,5.72
12.01.2001,1817.75,1814.5,7145,6770,,,,,,,633.1,,8.472,6.28
19.01.2001,1831,1824.5,6998,6560,,,,,,,615.8,,7.459,5.81
26.01.2001,1804,1815.25,6680,6285,,,,,,,612.1,,7.256,5.865
02.02.2001,1809.5,1817.25,6775,6325,,,,,,,597,,6.743,5.528
09.02.2001,1774.25,1791.25,6415,6040,,,,,,,593.5,,6.21,5.61
16.02.2001,1783,1804.25,6405,6039,,,,,,,600.1,,5.568,5.435
23.02.2001,1731.75,1768,6210,5883,,,,,,,598.5,,5.131,5.26
02.03.2001,1796,1807,6365,6095,,,,,,,581.1,,5.27,5.035
09.03.2001,1801.75,1827,6200,6002,,,,,,,593.3,,5.072,4.928
16.03.2001,1739.25,1775,5980,5836,,,,,,,580.4,,5.035,4.907
23.03.2001,1709.5,1743,6210,5896,,,,,,,566.8,,5.273,5.066
30.03.2001,1666.5,1711,5865,5639,,,,,,,555,,5.025,4.45
06.04.2001,1649.75,1696.5,6173,5869,,,,,,,554.5,,5.388,4.712
13.04.2001,1683,1734.25,6440,6113,,,,,,,577.3,,5.381,4.75
20.04.2001,1696.5,1752,6497,6177,,,,,,,608.4,,5.128,4.76
27.04.2001,1665.25,1722,6560,6235,,,,,,,593.1,,4.867,4.51
04.05.2001,1703.75,1743.25,6665,6450,,,,,,,618.8,,4.49,4.38
11.05.2001,1673,1721,7370,7117,,,,,,,607.8,,4.278,4.15
18.05.2001,1706,1748.25,7320,7047,,,,,,,616.3,,4.291,4.24
25.05.2001,1730.25,1776.5,7310,7051,,,,,,,622,,3.973,3.965
01.06.2001,1670,1718.75,7005,6756,,,,,,,588.8,,3.93,3.81
08.06.2001,1641.5,1697.25,6990,6736,,,,,,,593.6,,3.922,3.892
15.06.2001,1602.75,1660.25,6693,6492,,,,,,,583.2,,3.979,3.795
22.06.2001,1606,1658.5,6284,6071,,,,,,,574,,3.742,3.621
29.06.2001,1556.25,1619.5,6080,5899,,,,,,,560.1,,3.096,3.455
06.07.2001,1551.25,1617,6085,5855,,,,,,,557.4,,3.218,3.755
13.07.2001,1540.75,1610.25,5957,5771,,,,,,,551.1,,3.25,3.661
20.07.2001,1527.25,1605.25,5987,5795,,,,,,,503.3,,2.955,3.457
27.07.2001,1483.75,1565.5,5820,5740,,,,,,,503.7,,3.167,3.64
03.08.2001,1482.25,1550.25,5665,5583,,,,,,,480.6,,2.971,3.455
10.08.2001,1450.75,1523.5,5258,5292,,,,,,,450.6,,3.04,3.568
17.08.2001,1497,1567.25,5777,5832,,,,,,,450.8,,3.303,3.74
24.08.2001,1500.25,1572.5,5662,5752,,,,,,,452.9,,2.706,3.399
31.08.2001,1482.5,1555.5,5443,5534,,,,,,,443,,2.38,3.159
07.09.2001,1433.5,1497.75,5096,5218,,,,,,,444,,2.5,3.158
14.09.2001,1443.75,1501.5,5286,5389,,,,,,,438.3,,2.552,3.36
21.09.2001,1434.25,1499.25,4904,5015,,,,,,,483.4,,2.103,3.017
28.09.2001,1417,1481.75,4830,4930,,,,,,,433.3,,2.244,2.927
05.10.2001,1396.75,1449.5,4815,4900,,,,,,,427,,2.227,2.868
12.10.2001,1401,1452.25,5417,5464,,,,,,,435,,2.43,2.958
19.10.2001,1360.5,1423.25,4576,4658,,,,,,,423,,2.681,3.214
26.10.2001,1381.75,1445,4545,4611,,,,,,,423.4,,3.041,3.305
02.11.2001,1345.75,1397.5,4355,4426,,,,,,,420.7,,3.248,3.577
09.11.2001,1401,1448,4897,4945,,,,,,,422.6,,2.925,3.467
16.11.2001,1487.5,1538.5,5495,5462,,,,,,,427.9,,2.637,3.297
23.11.2001,1468.5,1528,5171,5202,,,,,,,442,,2.813,3.297
30.11.2001,1556.25,1616.25,5255,5297,,,,,,,449.3,,2.701,3.331
07.12.2001,1478.25,1537.5,5125,5147,,,,,,,470,,2.568,3.263
14.12.2001,1459.25,1522.25,5020,4979,,,,,,,467.6,,2.846,3.371
21.12.2001,1468,1539,5630,5603,,,,,,,471.3,,2.895,3.377
28.12.2001,1464.25,1535,5673,5609,,,,,,,486.5,,2.774,3.41
04.01.2002,1458.25,1519,5790,5783,,,,,,,473.2,,2.275,3.168
11.01.2002,1520.75,1583.25,6010,5924,,,,,,,480.4,,2.204,3.044
18.01.2002,1509.75,1577.75,5790,5697,,,,,,,480.3,,2.236,3.057
25.01.2002,1535,1602.75,6050,5846,,,,,,,464.7,,2.037,3.038
01.02.2002,1591.25,1650.25,5993,5896,,,,,,,450.1,,2.138,2.931
08.02.2002,1590,1650.5,6070,5994,,,,,,,475.8,,2.191,2.981
15.02.2002,1591,1650.75,6065,6000,,,,,,,475,,2.206,3.071
22.02.2002,1527.75,1590,5885,5835,,,,,,,474.5,,2.449,3.258
01.03.2002,1581.5,1634.5,6150,6105,,,,,,,497.9,,2.359,3.171
08.03.2002,1616.5,1671.25,6459,6438,,,,,,,518,,2.8,3.462
15.03.2002,1615,1671.5,6730,6723,,,,,,,513.4,,3.076,3.576
22.03.2002,1615.75,1680.25,6553,6558,,,,,,,515,,3.326,3.801
29.03.2002,1634.75,1696,6702,6672,,,,,,,521.7,,3.283,3.506
05.04.2002,1579.25,1632.25,6730,6660,,,,,,,527.5,,3.275,3.421
12.04.2002,1557.5,1613.5,6839,6794,,,,,,,533.1,,3.125,3.363
19.04.2002,1598,1652.25,7044,6997,,,,,,,551.6,,3.527,3.583
26.04.2002,1605.25,1657.5,7128,7081,,,,,,,547.9,,3.319,3.554
03.05.2002,1581.75,1614.75,6857,6833,,,,,,,517,,3.745,3.808
10.05.2002,1609.75,1640.5,7074,7030,,,,,,,520.8,,3.749,3.919
17.05.2002,1579.25,1622.5,6734,6740,,,,,,,537.7,,3.598,3.898
24.05.2002,1607.75,1651,6621,6632,,,,,,,537.5,,3.347,3.773
31.05.2002,1645.25,1696.25,6891,6903,,,,,,,545.9,,3.217,3.623
07.06.2002,1682.75,1726.75,7073,7072,,,,,,,563.6,,3.204,3.595
14.06.2002,1655.25,1702.25,7273,7255,,,,,,,562.7,,3.342,3.766
21.06.2002,1624,1678.5,7248,7158,,,,,,,562.7,,3.237,3.811
28.06.2002,1673.75,1724.5,7145,6992,,,,,,,537.3,,3.245,3.784
05.07.2002,1657,1702.5,7217,7068,,,,,,,519.5,,3.142,3.792
12.07.2002,1626.05,1675,7695,7536,,,,,,,524,,2.787,3.673
19.07.2002,1577.75,1635,7403,7212,,,,,,,520.6,,2.933,3.695
26.07.2002,1516.25,1573.75,6575,6483,,,,,,,523.2,,2.936,3.581
02.08.2002,1492,1547,6654,6530,,,,,,,519.7,,2.858,3.593
09.08.2002,1490.5,1545.75,6830,6684,,,,,,,545.5,,2.761,3.601
16.08.2002,1485.25,1539.25,6776,6675,,,,,,,557,,3.149,3.738
23.08.2002,1495.25,1553,6765,6674,,,,,,,546.2,,3.487,3.895
30.08.2002,1497.75,1557.25,6649,6580,,,,,,,565.8,,3.296,3.845
06.09.2002,1481,1534.25,6690,6594,,,,,,,542.4,,3.265,3.782
13.09.2002,1516.25,1571.5,6906,6772,,,,,,,554.9,,3.467,3.933
20.09.2002,1477.25,1540,6637,6527,,,,,,,558,,3.758,3.875
27.09.2002,1455.5,1518.25,6495,6369,,,,,,,559,,4.041,3.934
04.10.2002,1447.75,1503.5,6581,6479,,,,,,,556.9,,3.739,3.824
11.10.2002,1483.25,1536.5,6495,6391,,,,,,,578.1,,4.146,3.909
18.10.2002,1500.75,1554.25,6824,6672,,,,,,,583.9,,4.239,3.995
25.10.2002,1537.75,1586.5,7173,6998,,,,,,,586.8,,4.028,3.94
01.11.2002,1578.5,1621,7428,7236,,,,,,,577.6,,4.156,4.058
08.11.2002,1562,1610.75,7366,7238,,,,,,,582.4,,3.903,3.991
15.11.2002,1569.25,1616.25,7116,7020,,,,,,,598.1,,3.981,4.016
22.11.2002,1607,1650,7373.5,7281,,,,,,,589.9,,4.26,4.099
29.11.2002,1649,1689,7489,7346,,,,,,,581.9,,4.2,4.19
06.12.2002,1615.75,1656.25,7175,7145,,,,,,,597.8,,4.383,4.366
13.12.2002,1591.75,1631.5,7055,7019,,,,,,,601.7,,5.284,4.605
20.12.2002,1573.25,1617,7197.5,7128,,,,,,,586.5,,5.183,4.675
27.12.2002,1580.75,1624.75,7253,7179,,,,,,,594.1,,4.988,4.815
03.01.2003,1603.5,1642.5,7424,7404,,,,,,,599.5,,5.251,5.053
10.01.2003,1627.5,1667.75,7889.5,7845.5,,,,,,,611.3,,5.143,5.027
17.01.2003,1657.25,1701.25,8006,7899,,,,,,,619,,5.536,5.148
24.01.2003,1681,1723.75,8572,8362,,,,,,,635.1,,5.524,5.087
31.01.2003,1723.5,1764.5,8193,8076,,,,,,,658.9,,5.605,4.944
07.02.2003,1673.25,1709.25,8371,8170,,,,,,,673.6,,6.043,5.228
14.02.2003,1654,1691.75,8586,8245,,,,,,,675,,5.851,5.497
21.02.2003,1696.75,1729,8825,8230,,,,,,,659,,6.606,5.711
28.02.2003,1700.75,1728.5,8760,8200,,,,,,,672.5,,8.101,4.876
07.03.2003,1670,1700.75,8819,8279,,,,,,,683.6,,6.993,5
14.03.2003,1650.25,1680.5,8105,7818,,,,,,,683.6,,5.429,4.654
21.03.2003,1693,1726.75,8212,8019,,,,,,,652.1,,5.128,4.563
28.03.2003,1592.75,1634.5,7862,7716,,,,,,,634.7,,5.146,4.441
04.04.2003,1577.25,1615.5,7912,7790,,,,,,,609,,4.943,4.473
11.04.2003,1594.75,1634,8111,7967,,,,,,,613.7,,5.411,4.643
18.04.2003,1617.5,1655.5,8191,8025,,,,,,,624.7,,5.709,4.755
25.04.2003,1570.5,1611.25,7848,7737,,,,,,,624,,5.477,4.684
02.05.2003,1580.75,1613,8036,7937,,,,,,,597.1,,5.255,4.67
09.05.2003,1618,1654,8072.5,7969,,,,,,,634.1,,5.806,4.986
16.05.2003,1665.75,1698.75,8389,8230,,,,,,,645.9,,6.122,4.92
23.05.2003,1673,1709,8455,8293,,,,,,,664,,6.119,4.904
30.05.2003,1700.25,1732.75,8925,8652,,,,,,,636.8,,6.251,5.071
06.06.2003,1711,1739.5,9220,8821,,,,,,,653.5,,6.51,5.217
13.06.2003,1671.5,1704.75,8681,8346,,,,,,,664.6,,5.675,5.103
20.06.2003,1697.25,1728.5,8539,8162,,,,,,,668.8,,5.805,5.016
27.06.2003,1670.75,1699,8550,8190,,,,,,,673.2,,5.362,4.857
04.07.2003,1654.75,1674.75,8440,8164,,,,,,,667,,5.226,4.846
11.07.2003,1707,1726.25,8845,8570,,,,,,,675.2,,5.154,4.811
18.07.2003,1714.5,1729,8810,8570,,,,,,,684.6,,5.022,4.703
25.07.2003,1747.5,1755.75,9276,8891,,,,,,,690.2,,4.706,4.575
01.08.2003,1786,1776.25,9124,8730,,,,,,,678.9,,4.874,4.709
08.08.2003,1755.5,1751,8960,8540,,,,,,,680.9,,5.037,4.86
15.08.2003,1731,1737,9238,8690,,,,,,,696.5,,4.848,4.853
22.08.2003,1764,1737,9587,8690,,,,,,,702.3,,5.28,4.942
29.08.2003,1759.75,1737,9435,8690,,,,,,,708.6,,4.731,4.725
05.09.2003,1817,1737,9834,8690,,,,,,,714.7,,4.771,4.78
12.09.2003,1786,1737,9820,8690,,,,,,,696.8,,4.766,4.79
19.09.2003,1812.75,1832,10151,9354,,,,,,,696.3,,4.483,4.688
26.09.2003,1790.5,1815.75,10194,9549,,,,,,,697.4,,4.43,4.617
03.10.2003,1831,1846.75,10560,9777,,,,,,,713.5,,4.767,4.872
10.10.2003,1875.75,1891,10974,10190,,,,,,,726.1,,5.652,5.087
17.10.2003,1949,1953.5,10860,10190,,,,,,,722.8,,5.036,4.84
24.10.2003,1955,1958,10880,10460,,,,,,,737.6,,4.786,4.902
31.10.2003,2065,2056.5,11955,11210,,,,,,,745.9,,4.893,5.064
07.11.2003,2090,2055,12020,11285,,,,,,,759,,4.706,5.023
14.11.2003,2096,2065.5,12493,11725,,,,,,,770.8,,5.112,5.077
21.11.2003,1973,1953.5,11776,11201,,,,,,,760.3,,4.634,4.974
28.11.2003,2078.5,2043,12285,11495,,,,,,,767.9,,4.925,4.963
05.12.2003,2133.5,2083.25,12796,11717,,,,,,,790.7,,6.135,5.177
12.12.2003,2159,2083.25,13481,11717,,,,,,,819.4,,7.221,5.474
19.12.2003,2239,2187.5,14910,12705,,,,,,,821.5,,6.982,5.608
26.12.2003,2242,2187.75,15902,14000,,,,,,,821.5,,6.379,5.611
02.01.2004,2353.75,2288,16923,15055,,,,,,,811.3,,6.189,5.6
09.01.2004,2420.25,2347,16147,14450,,,,,,,845,,7.287,5.98
16.01.2004,2393,2315,14815,13450,,,,,,,851.9,,5.94,5.855
23.01.2004,2468.25,2366.5,14975,13175,,,,,,,856.5,,6.059,5.816
30.01.2004,2516,2396.25,15510,13550,,,,,,,830.3,,5.397,5.55
06.02.2004,2586,2456,15175,13075,,,,,,,826.7,,5.354,5.654
13.02.2004,2716,2523,15495,13305,,,,,,,845.6,,5.536,5.737
20.02.2004,2900,2650,15180,12890,,,,,,,839.2,,5.193,5.614
27.02.2004,2971,2738,14630,12865,,,,,,,887.4,,5.416,5.687
05.03.2004,2964.5,2727,13400,12590,,,,,,,887,,5.443,5.798
12.03.2004,2916,2675,12945,12050,,,,,,,907.1,,5.596,5.904
19.03.2004,3070.5,2751,14215,12645,,,,,,,890,,5.582,5.932
26.03.2004,3048.5,2705,14265,12765,,,,,,,912.1,,5.395,5.867
02.04.2004,3020.5,2694.5,14360,12650,,,,,,,896.8,,5.812,5.39
09.04.2004,2920,2585,13806,12855,,,,,,,900.2,,5.941,5.472
16.04.2004,2982,2626,13135,12345,,,,,,,918,,5.61,5.375
23.04.2004,2774,2436,12014,11250,,,,,,,842.5,,5.571,5.403
30.04.2004,2752,2392,11157,10500,,,,,,,794.2,,5.862,5.281
07.05.2004,2665,2358,10956,10305,,,,,,,779,,6.294,5.464
14.05.2004,2659,2353,10910,10140,,,,,,,793.7,,6.401,5.719
21.05.2004,2743,2428,11673,10640,,,,,,,817.1,,6.353,5.759
28.05.2004,2833,2563,12235,11215,,,,,,,829.2,,6.442,5.877
04.06.2004,2739,2509,11920,10755,,,,,,,829.6,,6.261,5.884
11.06.2004,2588,2382,12880,11655,,,,,,,797.6,,6.176,5.81
18.06.2004,2650.5,2409,14760,12210,,,,,,,809.3,,6.52,5.943
25.06.2004,2706.5,2453.5,14975,12645,,,,,,,806.5,,6.353,5.97
02.07.2004,2728.5,2451,15290,12990,,,,,,,773,,6.148,5.918
09.07.2004,2843.5,2566.5,15630,13420,,,,,,,808.8,,6.141,6.037
16.07.2004,2902,2597,14880,13015,,,,,,,821,,5.887,5.938
23.07.2004,2776,2493,14155,12125,,,,,,,816,,6.134,6.015
30.07.2004,2910,2575,13965,12200,,,,,,,817.9,,6.112,6.139
06.08.2004,2815,2552,12880,11950,,,,,,,832,,5.588,6.15
13.08.2004,2906,2626,13405,12470,,,,,,,864.2,,5.533,6.044
20.08.2004,2812,2511,13795,12360,,,,,,,854.3,,5.552,6.093
27.08.2004,2813,2520,12830,11790,,,,,,,864.5,,5.082,6.05
03.09.2004,2732,2480.5,12375,11570,,,,,,,859.4,,4.675,5.95
10.09.2004,2828,2571.5,12235,11400,,,,,,,834.5,,4.57,6.044
17.09.2004,2853,2562,12880,11980,,,,,,,843.1,,5.108,5.995
24.09.2004,2970,2595,14645,13350,,,,,,,857.3,,5.392,6.148
01.10.2004,3046,2614,16055,14290,,,,,,,860.4,,6.772,6.388
08.10.2004,3211,2628,17040,14100,,,,,,,843,,7.163,6.72
15.10.2004,2883,2513,13955,12810,,,,,,,847,,6.709,6.66
22.10.2004,2873,2505,13290,12255,,,,,,,844.9,,8.105,7.15
29.10.2004,2973,2566,13920,12915,,,,,,,833,,8.725,7.503
05.11.2004,3012,2621,14398,13350,,,,,,,851.9,,7.954,7.307
12.11.2004,3086,2648,14750,13550,,,,,,,874.2,,7.176,7.016
19.11.2004,3169,2658,14093,13130,,,,,,,859.7,,7.115,7.001
26.11.2004,3215,2705,14393,13285,,,,,,,862.4,,7.976,7.364
03.12.2004,3041,2646,13035,12470,,,,,,,874.8,,6.796,6.886
10.12.2004,2927,2618.5,12480,12045,,,,,,,828.4,,6.843,7.066
17.12.2004,3121,2730,13565,12925,,,,,,,837.1,,7.457,7.4
24.12.2004,3151,2746,14687,14150,,,,,,,840.2,,6.668,7.087
31.12.2004,3231,2813,15245,14380,,,,,,,863.7,,6.149,7.1
07.01.2005,3014.5,2662,14555,13990,,,,,,,840.7,,6.001,7.085
14.01.2005,3075,2731,14803,13970,,,,,,,855.3,,6.395,7.249
21.01.2005,3178,2788,14085,13390,,,,,,,869.3,,6.24,7.173
28.01.2005,3200,2807.5,14465,13640,,,,,,,872.3,,6.259,7.25
04.02.2005,3041,2731,14525,13585,,,,,,,866,,6.096,7.221
11.02.2005,3128,2808,15390,14235,,,,,,,871.2,,6.093,7.261
18.02.2005,3239,2843,15335,13945,,,,,,,865.5,,5.908,7.228
25.02.2005,3289,2883,15965,13860,,,,,,,859,,6.715,7.705
04.03.2005,3277,2910,16300,14410,,,,,,,870.5,,6.744,7.852
11.03.2005,3321,2953,16115,14365,,,,,,,870.2,,6.772,7.829
18.03.2005,3356,2943,16095,14205,,,,,,,880,,7.273,8.302
25.03.2005,3317,2909,16185,14215,,,,,,,862.5,,7.062,8.193
01.04.2005,3369,2959,16160,14515,,,,,,,862.8,,7.749,7.428
08.04.2005,3363,2958,16360,14905,,,,,,,860.3,,7.242,7.296
15.04.2005,3229,2825,15590,14310,,,,,,,864.6,,6.997,7.063
22.04.2005,3392.5,2948,16220,14800,,,,,,,876,,7.195,7.306
29.04.2005,3339,2903,16250,14660,,,,,,,868.6,,6.585,6.787
06.05.2005,3247,2899,16185,14740,,,,,,,874.8,,6.621,6.714
13.05.2005,3087,2741,17005,15015,,,,,,,865.4,,6.536,6.75
20.05.2005,3124,2710,16320,14600,,,,,,,862.5,,6.343,6.735
27.05.2005,3225,2730,16805,14840,,,,,,,864.7,,6.123,6.832
03.06.2005,3393,2865,16980,15155,,,,,,,875.5,,6.88,7.049
10.06.2005,3430,2826,16175,14715,,,,,,,871.6,,6.932,7.26
17.06.2005,3553,2802,16455,15020,,,,,,,898.1,,7.69,7.661
24.06.2005,3532,2794,14700,13670,,,,,,,896,,7.36,7.669
01.07.2005,3292,2770,14620,13810,,,,,,,870.9,,7.171,7.765
08.07.2005,3469,2847,14895,13870,,,,,,,862.2,,7.472,7.826
15.07.2005,3499,2858,14495,13680,,,,,,,865.5,,7.849,7.802
22.07.2005,3611,2910,14365,13215,,,,,,,890.6,,7.384,7.693
29.07.2005,3694,2995,14445,13325,,,,,,,897.9,,7.885,7.985
05.08.2005,3675,3060,14370,13410,,,,,,,910.5,,8.7,8.312
12.08.2005,3705,3132,15410,14100,,,,,,,923.2,,9.588,8.669
19.08.2005,3695,3095,14960,13745,,,,,,,889.3,,9.111,8.559
26.08.2005,3753,3149,14905,13831,,,,,,,897.8,,9.792,8.899
02.09.2005,3784,3217,15355,14147,,,,,,,911.5,,11.691,9.353
09.09.2005,3644,3117,14475,13415,,,,,,,916.4,,11.263,9.448
16.09.2005,3616,3094,13315,12530,,,,,,,923.8,,11.144,9.773
23.09.2005,3852,3237,13775,12950,,,,,,,927,,12.324,10.144
30.09.2005,3896.5,3293.5,13540,13035,,,,,,,930.3,,13.921,10.635
07.10.2005,4028,3423,13151,12785,,,,,,,939.1,,13.226,10.281
14.10.2005,3922,3335,12222,11990,,,,,,,927.3,,13.219,10.509
21.10.2005,3976,3310,12010,11770,,,,,,,932.8,,12.872,10.405
28.10.2005,4021.5,3362.5,11990,11810,,,,,,,941.8,,13.055,11.052
04.11.2005,4083,3467,11702,11370,,,,,,,934.8,,11.415,10.264
11.11.2005,4229,3595,11866,11540,,,,,,,971.9,,11.712,10.451
18.11.2005,4349,3633,12400,11911,,,,,,,986.1,,11.414,10.642
25.11.2005,4387,3689,13098,12565,,,,,,,984.3,,11.62,10.72
02.12.2005,4494,3868,13085,12723,,,,,,,1007.9,,13.931,11.815
09.12.2005,4562,4005,14245,13890,,,,,,,1006.9,,14.312,11.746
16.12.2005,4581.5,4017,13945,13750,,,,,,,961,,13.633,11.59
23.12.2005,4585.5,3959.5,13498,13423,,,,,,,965.3,,12.283,11.489
30.12.2005,4538,3915,13394,13425,,,,,,,973,,11.225,11.879
06.01.2006,4595,4071,14292,14175,,,,,,,1004.6,,9.632,11.282
13.01.2006,4700,4175,14837,14700,,,,,,,1043.6,,8.791,10.944
20.01.2006,4636,4072,14505,14410,,,,,,,1036.2,,9.28,11.675
27.01.2006,4929,4425,15308,14970,,,,,,,1072.7,,8.4,11.455
03.02.2006,5067,4659,15115,14915,,,,,,,1082.7,,8.613,11.296
10.02.2006,4881,4554,14775,14425,,,,,,,1040.1,,7.316,10.414
17.02.2006,4864,4468,15000,14615,,,,,,,1011,,7.182,10.36
24.02.2006,4922,4509,14968,14595,,,,,,,1036,,7.112,10.7
03.03.2006,5005,4630,15121,14660,,,,,,,1062.5,,6.79,10.267
10.03.2006,4879.5,4529,14930,14461,,,,,,,1012.7,,6.646,10.282
17.03.2006,5189,4782,14885,14320,,,,,,,1034,,7.053,10.645
24.03.2006,5304,4936,15197,14430,,,,,,,1051.6,,7.29,10.933
31.03.2006,5440,5095,15186,14540,,,,,,,1059.4,,7.21,9.075
07.04.2006,5749,5470,16770,16210,,,,,,,1077,,6.743,9.055
14.04.2006,6224,5811,17785,16935,,,,,,,1089.2,,7.135,9.335
21.04.2006,6857,6351,19540,17600,,,,,,,1139.2,,7.981,9.939
28.04.2006,7118,6410,19395,17470,,,,,,,1163.3,,6.555,9.183
05.05.2006,7728,6970,19590,17720,,,,,,,1189.1,,6.775,9.085
12.05.2006,8574,7652,21520,18690,,,,,,,1318.5,,6.28,9.02
19.05.2006,7646,6853,20815,17940,,,,,,,1313.4,,5.962,8.787
26.05.2006,8349,7469,23900,19800,,,,,,,1298.1,,5.925,8.189
02.06.2006,7938,7180,21695,18840,,,,,,,1244.9,,6.623,8.398
09.06.2006,7288,6680,19980,17600,,,,,,,1190.2,,6.172,8.126
16.06.2006,7071,6425,19530,16960,,,,,,,1144.6,,7.185,8.655
23.06.2006,6885,6162,19840,17000,,,,,,,1166.9,,6.226,8.263
30.06.2006,7425,6738,22125,18730,,,,,,,1246.7,,6.104,8.394
07.07.2006,7811,7110,24770,20335,,,,,,,1243.7,,5.523,8.2
14.07.2006,8160,7377,27050,21470,,,,,,,1267.5,,6.347,8.585
21.07.2006,7102,6480,25450,19600,,,,,,,1220.5,,6.139,8.386
28.07.2006,7743,7065,25825,21090,,,,,,,1233.7,,7.184,8.729
04.08.2006,7915,7324,26450,21925,,,,,,,1256,,7.246,8.683
11.08.2006,7616,7058,27175,22875,,,,,,,1254.4,,7.269,8.725
18.08.2006,7527,6968,29500,23800,,,,,,,1223.6,,6.731,8.526
25.08.2006,7585,7110,31800,24495,,,,,,,1233,,7.157,8.804
01.09.2006,7614,7132,30125,24399,,,,,,,1254.8,,5.877,8.612
08.09.2006,7839,7318,28750,24480,,,,,,,1229.5,,5.675,8.395
15.09.2006,7281,6900,26300,22300,,,,,,,1163.7,,4.982,7.714
22.09.2006,7583,7080,29150,23785,,,,,,,1148.1,,4.627,7.411
29.09.2006,7569,7088,31000,25340,,,,,,,1141.2,,5.62,7.618
06.10.2006,7479,7006,30475,23325,,,,,,,1080.8,,6.427,7.939
13.10.2006,7493,7001,32225,23685,,,,,,,1083.3,,5.659,7.74
20.10.2006,7590,7075,33675,25450,,,,,,,1082.1,,7.241,8.106
27.10.2006,7489,7082,31900,26200,,,,,,,1079.7,,7.153,7.893
03.11.2006,7341,7048,31750,27675,,,,,,,1209.4,,7.884,8.666
10.11.2006,6916.5,6735,29825,26260,,,,,,,1209.6,,7.794,8.574
17.11.2006,6781,6666,30350,26150,,,,,,,1192.1,,8.179,8.802
24.11.2006,7136,7008,34170,29350,,,,,,,1154,,7.718,8.603
01.12.2006,6990,6913,34400,30125,,,,,,,1154.5,,8.422,9.338
08.12.2006,6867.5,6796,34835,30485,,,,,,,1107.8,,7.561,9.204
15.12.2006,6628,6550,34950,29850,,,,,,,1104.5,,7.409,9.089
22.12.2006,6313,6290,33975,28775,,,,,,,1121.5,,6.635,8.705
29.12.2006,6318,6285,34025,29175,,,,,,,1139.3,,6.299,8.888
05.01.2007,5606,5541,33725,29160,,,,,,,1112,,6.184,8.757
12.01.2007,5749,5560,33970,26690,,,,,,,1152.1,,6.601,8.922
19.01.2007,5588,5435,37485,29650,,,,,,,1168.5,,6.886,8.98
26.01.2007,5791,5580,40225,31665,,,,,,,1181.5,,7.175,9.036
02.02.2007,5332,5235,38625,31320,,,,,,,1163.5,,7.476,9.199
09.02.2007,5565,5448,37310,30025,,,,,,,1201.8,,7.827,9.682
16.02.2007,5795,5675,40500,33000,,,,,,,1210.4,,7.503,9.473
23.02.2007,6294,6107,42825,34600,,,,,,,1237.6,,7.755,9.613
02.03.2007,6018,5862,42400,34960,,,,,,,1211.8,,7.243,9.069
09.03.2007,6126,5953,43800,36980,,,,,,,1203.7,,7.083,9.027
16.03.2007,6645,6330,49625,41300,,,,,,,1221.2,,6.924,8.996
23.03.2007,6765,6395,44150,35430,,,,,,,1233.4,,7.269,9.369
30.03.2007,6896,6533,46750,39050,,,,,,,1254.8,,7.73,8.095
06.04.2007,7366,6946,50875,42825,,,,,,,1265.9,,7.607,8.145
13.04.2007,7735,7247,47850,40400,,,,,,,1286.4,,7.801,8.248
20.04.2007,7987,7314,50225,40625,,,,,,,1341.2,,7.381,8.052
27.04.2007,7786,7300,50300,41600,,,,,,,1293,,7.831,8.201
04.05.2007,8352,7838,52850,43215,,,,,,,1328.8,,7.938,8.286
11.05.2007,7935,7441,52180,43970,,,,,,,1341.7,,7.899,8.288
18.05.2007,7315,6831,52175,43550,,,,,,,1326.2,,7.944,8.299
25.05.2007,7255,6793,47875,40825,,,,,,,1277.8,,7.64,8.27
01.06.2007,7494,7007,48300,41825,,,,,,,1295.6,,7.878,8.41
08.06.2007,7188,7010,42900,38925,,,,,,,1286.8,,7.663,8.347
15.06.2007,7554,7025,42580,38100,,,,,,,1286,,7.918,8.614
22.06.2007,7483,6992,37825,34850,,,,,,,1308,,7.13,8.112
29.06.2007,7647,7130,36325,34520,,,,,,,1279,,6.773,8.033
06.07.2007,7917,7405,35450,33550,,,,,,,1313.6,,6.444,7.763
13.07.2007,7948,7402,32750,30730,,,,,,,1329.5,,6.662,7.982
20.07.2007,8191,7584,35275,31900,,,,,,,1348.6,,6.446,8.118
27.07.2007,7849,7293,30560,29385,,,,,,,1288.7,,6.11,8.143
03.08.2007,7731,7254,29210,28705,,,,,,,1296,,6.09,8.047
10.08.2007,7518,7120,26500,26610,,,,,,,1277.3,,6.82,8.146
17.08.2007,7068,6661,25865,26020,,,,,,,1229.6,,7.01,8.129
24.08.2007,7379,6990,27520,27725,,,,,,,1245,,5.523,7.624
31.08.2007,7524,7144,29600,29750,,,,,,,1271.6,,5.468,7.567
07.09.2007,7212,6892.5,26880,27220,,,,,,,1295,,5.501,7.562
14.09.2007,7588.5,7287,28460,28750,,,,,,,1299.2,,6.279,7.831
21.09.2007,7916,7571,32085,32250,,,,,,,1331.6,,6.08,7.862
28.09.2007,8068,7658,30305,30400,,,,,,,1395.2,,6.87,7.92
05.10.2007,8239,7853,31255,31500,,,,,,,1387.8,,7.073,8.007
12.10.2007,8095,7774,31795,31915,,,,,,,1414.2,,6.974,7.915
19.10.2007,7898.5,7585,32015,32290,,,,,,,1448.6,,7.041,7.983
26.10.2007,7900.5,7620,31560,32010,,,,,,,1469.1,,7.218,8.096
02.11.2007,7442,7297,32020,32510,,,,,,,1462.7,,8.418,8.844
09.11.2007,7012.5,6998,33670,34020,,,,,,,1426,,7.897,8.608
16.11.2007,7013,7070,31050,31435,,,,,,,1453.2,,8.001,8.588
23.11.2007,6690.5,6698,28926,29040,,,,,,,1480.5,,7.7,8.431
30.11.2007,6970.5,6996,26820,27445,,,,,,,1444.1,,7.302,8.479
07.12.2007,6888,6807,27205,27185,,,,,,,1462.2,,7.155,8.491
14.12.2007,6516,6807,26350,27185,,,,,,,1479.2,,7.025,8.408
21.12.2007,6780,6813,26725,27190,,,,,,,1536.3,,7.19,8.573
28.12.2007,6810,6830,26155,26655,,,,,,,1540.5,,7.386,8.961
04.01.2008,6895,6913,28075,28440,,,,,,,1547.1,,7.841,9.029
11.01.2008,7288,7280,28515,28840,,,,,,,1569.4,,8.21,9.237
18.01.2008,7157,6982,28592,28980,,,,,,,1565.5,,7.993,9.031
25.01.2008,7039,6871,26700,27000,,,,,,,1680.1,,7.983,9.02
01.02.2008,7236,7080,27890,28145,,,,,,,1770.2,,7.74,8.966
08.02.2008,7730,7465,28180,28090,,,,,,,1884,,8.301,9.483
15.02.2008,7751,7503,27480,27570,,,,,,,2063.7,,8.66,9.785
22.02.2008,8366,7965,28250,28085,,,,,,,2167.8,,9.146,10.188
29.02.2008,8486,8058,31365,30765,,,,,,,2180.7,,9.366,10.262
07.03.2008,8592,8241,33240,33110,,,,,,,2041.7,,9.769,10.489
14.03.2008,8429,8076,32450,32405,,,,,,,2076,,9.868,10.821
21.03.2008,7922,7538,28440,28330,,,,,,,1877.3,,9.065,9.965
28.03.2008,8496,8084,30325,30180,,,,,,,2037.8,,9.8,9.085
04.04.2008,8728,8356,29090,29000,,,,,,,2030.5,,9.322,8.787
11.04.2008,8725,8340,28385,28400,,,,,,,2028.1,,9.901,9.035
18.04.2008,8635,8256,28668,28628,,,,,,,2071.3,,10.587,9.697
25.04.2008,8660.5,8294,29395,29345,,,,,,,1968,,10.963,9.999
02.05.2008,8465.5,8113,28335,28255,,,,,,,1908.2,,10.777,9.617
09.05.2008,8156,7830,26580,26615,,,,,,,2101.8,,11.537,10.26
16.05.2008,8498,8192,26310,26355,,,,,,,2132,,11.094,10.169
23.05.2008,8241,7990,24001,24140,,,,,,,2176.3,,11.857,10.659
30.05.2008,8017,7755,21998,22200,,,,,,,2013.8,,11.703,10.408
06.06.2008,8057,7819,21935,21950,,,,,,,2081.3,,12.693,10.834
13.06.2008,8065,7744,24040,23690,,,,,,,2037,,12.625,11.04
20.06.2008,8542,8123,22300,22420,,,,,,,2062.4,,12.994,11.347
27.06.2008,8650,8234,21825,21970,,,,,,,2059.1,,13.198,11.651
04.07.2008,8550.5,8187.5,20534,20650,,,,,,,2030.4,,13.577,11.959
11.07.2008,8359,7980,21525,21660,,,,,,,2047.2,,11.904,11.173
18.07.2008,8211,7756,20308,20450,,,,,,,1855.3,,10.57,10.226
25.07.2008,8094,7666,18358,18615,,,,,,,1758.7,,9.084,9.354
01.08.2008,7979,7648,18270,18435,,,,,,,1655.3,,9.389,9.784
08.08.2008,7468,7225,18135,18220,,,,,,,1559.6,,8.248,9.04
15.08.2008,7403,7230,18710,18685,,,,,,,1388.2,,8.092,8.975
22.08.2008,7740,7477,20845,20900,,,,,,,1441.2,,7.843,8.847
29.08.2008,7556,7380,20195,20395,,,,,,,1489.8,,7.943,8.833
05.09.2008,6930,6846,18555,18815,,,,,,,1367.8,,7.449,8.629
12.09.2008,7166,7021,19195,19425,,,,,,,1210.5,,7.366,8.331
19.09.2008,7096,6988,16843,17243,,,,,,,1147,,7.531,8.484
26.09.2008,6829,6736,16835,17330,,,,,,,1113.7,,7.472,8.361
03.10.2008,6020,6033,15050,15610,,,,,,,965.8,,7.358,8.189
10.10.2008,4789.5,4822,12040,12645,,,,,,,1005.2,,6.535,7.569
17.10.2008,4806.5,4896,10645,11270,,,,,,,881,,6.786,7.519
24.10.2008,3764,3870,9866,10400,,,,,,,802.3,,6.239,7.187
31.10.2008,4097,4183,11962,12450,,,,,,,831.6,,6.783,7.816
07.11.2008,3745.5,3855,10866,11331,,,,,,,852,,6.757,7.822
14.11.2008,3798,3933,10900,11285,,,,,,,845.1,,6.312,7.446
21.11.2008,3518,3654,9907,10325,,,,,,,825.7,,6.48,7.375
28.11.2008,3676.5,3704,10161,10475,,,,,,,882.3,,6.51,7.808
05.12.2008,3041,3136,9000,9370,,,,,,,787.2,,5.742,7.257
12.12.2008,3157.5,3247,10590,10907,,,,,,,822.1,,5.488,7.142
19.12.2008,2860.5,2995,9708,10550,,,,,,,851.3,,5.334,6.873
26.12.2008,2823,2942,9556,10000,,,,,,,890.2,,5.826,7.16
02.01.2009,3217.5,3298,13161,13427,,,,,,,946.7,,5.971,7.634
09.01.2009,3383.5,3265,12132,11767,,,,,,,1005.5,,5.516,7.333
16.01.2009,3335,3418,10810,11035,,,,,,,953.3,,4.801,6.823
23.01.2009,3226.75,3317,12064,12240,,,,,,,958,,4.518,6.578
30.01.2009,3125.75,3225,11156,11325,,,,,,,991.3,,4.417,6.567
06.02.2009,3521.5,3608.5,11468,11641,,,,,,,1004.3,,4.774,6.674
13.02.2009,3405.75,3509,10275,10490,,,,,,,1061,,4.452,6.437
20.02.2009,3125.25,3379,9442,10090,,,,,,,1095.7,,4.006,6.001
27.02.2009,3426.5,3512,9941,10205,,,,,,,1085.3,,4.198,6.005
06.03.2009,3708.25,3771,9810,10025,,,,,,,1078.7,,3.945,5.713
13.03.2009,3652.5,3725,9551,9788,,,,,,,1063.6,,3.932,5.681
20.03.2009,3931.5,4015.5,9918,10155,,,,,,,1114.2,,4.227,5.928
27.03.2009,4021.75,4116.5,9631,9896,,,,,,,1128,,3.631,5.684
03.04.2009,4292.5,4346,10884,11130,,,,,,,1166.3,,3.801,5.547
10.04.2009,4544.25,4608,10982,11247,,,,,,,1195.3,,3.61,5.494
17.04.2009,4820,4789,12775,12971,,,,,,,1211.6,,3.729,5.701
24.04.2009,4483,4426,11494,11679,,,,,,,1184,,3.297,5.488
01.05.2009,4612,4566,11869,12034,,,,,,,1096.4,,3.546,5.525
08.05.2009,4677,4695,13057,13209,,,,,,,1147.1,,4.311,6.178
15.05.2009,4450,4448,12407,12547,,,,,,,1109,,4.098,5.958
22.05.2009,4607.5,4616,12738,12870,,,,,,,1160,,3.515,5.707
29.05.2009,4819,4827.5,13886,14053,,,,,,,1196,,3.835,5.926
05.06.2009,4971,4983,14555,14689,,,,,,,1286.2,,3.868,6.199
12.06.2009,5222.5,5249.5,15631,15753,,,,,,,1258.7,,3.857,6.152
19.06.2009,5017.5,5051.5,15132,15275,,,,,,,1211.2,,4.032,6.074
26.06.2009,5024,5047,15730,15895,,,,,,,1203,,3.949,6.033
03.07.2009,4973,5001.5,16159,16303,,,,,,,1193.3,,3.615,5.837
10.07.2009,4852.5,4859,14440,14637,,,,,,,1107.6,,3.373,5.571
17.07.2009,5306.5,5304,16072,16199,,,,,,,1176.1,,3.669,5.713
24.07.2009,5524,5501.5,16712,16800,,,,,,,1191.4,,3.695,5.835
31.07.2009,5724,5694,17910,17925,,,,,,,1214.2,,3.653,5.939
07.08.2009,6146,6121.5,19587,19535,,,,,,,1268.5,,3.674,5.954
14.08.2009,6250.5,6211,19537,19493,,,,,,,1261.7,,3.238,5.901
21.08.2009,6277.5,6209,19315,19120,,,,,,,1259.2,,2.804,5.726
28.08.2009,6470.5,6431,19065,18857,,,,,,,1245.9,,3.033,5.76
04.09.2009,6271.5,6226.5,17590,17510,,,,,,,1259.1,,2.728,5.36
11.09.2009,6241,6218.75,16931,16775,,,,,,,1320.7,,2.96,5.59
18.09.2009,6163.75,6159,17101,17085,,,,,,,1338.2,,3.778,5.968
25.09.2009,5983,5984.5,16837,16820,,,,,,,1284.6,,3.985,6.22
02.10.2009,5871.75,5879,17236,17295,,,,,,,1275.6,,4.718,6.33
09.10.2009,6226.5,6230,18703,18755,,,,,,,1331.6,,4.77,6.304
16.10.2009,6218,6246,18657,18658,,,,,,,1341.7,,4.781,6.43
23.10.2009,6635.25,6661.5,18943,18880,,,,,,,1363.2,,4.787,6.258
30.10.2009,6463.25,6505.5,18210,18250,,,,,,,1323.1,,5.045,6.378
06.11.2009,6477,6519,17306,17398,,,,,,,1345,,4.595,6.026
13.11.2009,6503,6554.5,16062,16189,,,,,,,1385.5,,4.392,5.846
20.11.2009,6824.75,6872.25,16554,16657,,,,,,,1438.7,,4.424,5.915
27.11.2009,6829,6892.5,16033,16151,,,,,,,1446.9,,5.192,6.64
04.12.2009,7024.5,7088,15960,16110,,,,,,,1449.7,,4.586,6.185
11.12.2009,6816,6885.25,16564,16710,,,,,,,1422.7,,5.163,6.539
18.12.2009,6822,6901,17058,17235,,,,,,,1429.3,,5.782,6.743
25.12.2009,7051,7113,18601,18782,,,,,,,1467.9,,5.643,6.69
01.01.2010,7351.5,7418,18467,18675,,,,,,,1460,,5.572,6.768
08.01.2010,7447.75,7479,17861,18001,,,,,,,1565.7,,5.749,6.893
15.01.2010,6768,7432,18552,18715,,,,,,,1592.5,,5.691,6.893
22.01.2010,6696,7390,18258,18403,,,,,,,1537.5,,5.819,6.87
29.01.2010,6058,6748,18447,18571,,,,,,,1501.3,,5.131,6.44
05.02.2010,6267.5,6311.5,17006,17172,,,,,,,1472,,5.515,6.654
12.02.2010,6799.75,6818,18593,18615,,,,,,,1508,,5.468,6.607
19.02.2010,7416.5,7438,20671,20679,,,,,,,1540.5,,5.044,6.201
26.02.2010,7175,7220.5,21113,21130,,,,,,,1538,,4.813,5.96
05.03.2010,7533.5,7564,22366,22370,,,,,,,1579.1,,4.593,5.752
12.03.2010,7429.75,7474,21720,21800,,,,,,,1608.4,,4.4,5.599
19.03.2010,7414,7478,22431,22341,,,,,,,1608.6,,4.169,5.56
26.03.2010,7491.75,7553.5,23588,23397,,,,,,,1596,,3.872,5.172
02.04.2010,7873.75,7900.5,25040,24900,,,,,,,1669.8,,4.086,5.182
09.04.2010,7908.5,7948,25166,25081,,,,,,,1722.2,,4.07,5.147
16.04.2010,7740,7787,26663.5,26540,,,,,,,1690.8,,4.039,5.117
23.04.2010,7725,7778,27001,26798,,,,,,,1740.2,,4.257,5.339
30.04.2010,7404,7471,26253,26085,,,,,,,1745.1,,3.92,5.112
07.05.2010,6927.75,6990,22513,22375,,,,,,,1664.8,,4.015,5.292
14.05.2010,6905.75,6975,21507,21490,,,,,,,1713.4,,4.312,5.331
21.05.2010,6830.5,6876.5,21300,21200,,,,,,,1499.2,,4.035,5.02
28.05.2010,6917,6981,21291,21350,,,,,,,1547.4,,4.341,5.226
04.06.2010,6264,6344,17918,18015,,,,,,,1525.3,,4.797,5.329
11.06.2010,6467,6526.5,19505,19559,,,,,,,1535,,4.781,5.32
18.06.2010,6418.75,6494.5,19543,19620,,,,,,,1587,,4.997,5.338
25.06.2010,6751.75,6809,19697,19807,,,,,,,1570.4,,4.861,5.355
02.07.2010,6396.25,6459.5,18769,18869,,,,,,,1499.2,,4.687,5.218
09.07.2010,6748.25,6787,19467,19575,,,,,,,1533.2,,4.402,5.192
16.07.2010,6473.75,6504,18909,19028,,,,,,,1512.1,,4.519,5.081
23.07.2010,7018.25,7040,20303,20390,,,,,,,1538.7,,4.58,5.103
30.07.2010,7281.75,7308.5,21095,21159,,,,,,,1576.8,,4.923,5.187
06.08.2010,7357.5,7389,22068,22121,,,,,,,1570.8,,4.467,5.038
13.08.2010,7142.5,7189,21233,21312,,,,,,,1526.2,,4.328,4.948
20.08.2010,7245,7266,21509,21400,,,,,,,1513.9,,4.117,4.751
27.08.2010,7453.25,7469.25,21009,20945,,,,,,,1537,,3.651,4.555
03.09.2010,7641,7660,21588,21462,,,,,,,1561.1,,3.939,4.699
10.09.2010,7479.5,7474,22518,22356.5,,,,,,,1542.5,,3.883,4.699
17.09.2010,7718.75,7687,23235,22913,,,,,,,1621.9,,4.024,4.622
24.09.2010,7949.5,7898,22942,22500,,,,,,,1639.8,,3.881,4.518
01.10.2010,8098,8056,23824,23470,,,,,,,1682.1,,3.797,4.525
08.10.2010,8311,8220,24358,24042,,,,,,,1708.7,,3.651,4.562
15.10.2010,8391.75,8305,23994,23785,,,,,,,1695.6,,3.535,4.429
22.10.2010,8326,8252,23176,22974,,,,,,,1673.1,,3.332,4.227
29.10.2010,8191.25,8118,22933,22837,,,,,,,1705.1,,4.038,4.688
05.11.2010,8656.5,8570,24417,24329,,,,,,,1769.9,,3.937,4.611
12.11.2010,8632,8507,22638,22615,,,,,,,1684.6,,3.799,4.508
19.11.2010,8431,8268,21807,21765,,,,,,,1671.1,,4.164,4.714
26.11.2010,8287,8119,22513,22395,,,,,,,1645.2,,4.399,5.116
03.12.2010,8746,8579,23502,23240,,,,,,,1728.5,,4.349,5.08
10.12.2010,9015,8812,23947,23750,,,,,,,1675.3,,4.417,5.062
17.12.2010,9104,8880,24973,24700,,,,,,,1698.5,,4.066,4.876
24.12.2010,9388,9161,24114,23875,,,,,,,1723.1,,4.083,4.896
31.12.2010,9644,9420,24715,24500,,,,,,,1773.3,,4.405,5.244
07.01.2011,9434,9281,24200,24010,,,,,,,1736.6,,4.422,5.206
14.01.2011,9669.5,9545,25870,25575,,,,,,,1813.4,,4.48,5.248
21.01.2011,9462.5,9285,26154,25632,,,,,,,1818.8,,4.736,5.338
28.01.2011,9548.5,9429,26600,26012,,,,,,,1801.6,,4.323,5.022
04.02.2011,10060,9929,28355,27611,,,,,,,1842.4,,4.31,5.071
11.02.2011,9966.5,9855,28284.5,27663,,,,,,,1810.1,,3.91,4.826
18.02.2011,9860,9782,29128,28434,,,,,,,1843.3,,3.876,4.738
25.02.2011,9761,9723,28175,27480,,,,,,,1803.4,,4.005,4.78
04.03.2011,9889,9883,28795,28190,,,,,,,1837.9,,3.809,4.653
11.03.2011,9179.25,9210,25944,25500,,,,,,,1781.7,,3.889,4.722
18.03.2011,9513.5,9498,26764,26135,,,,,,,1723.4,,4.168,4.979
25.03.2011,9677,9698,27055,26638,,,,,,,1745.6,,4.403,5.132
01.04.2011,9355.5,9365,25593,25276,,,,,,,1774.9,,4.362,4.906
08.04.2011,9864.25,9885,27598,27205,,,,,,,1812.1,,4.041,4.679
15.04.2011,9392.5,9430,26145,25871,,,,,,,1797.3,,4.204,4.75
22.04.2011,9691,9716,26885,26567,,,,,,,1833.7,,4.412,4.889
29.04.2011,9303,9341,26844,26567,,,,,,,1871.5,,4.698,5.013
06.05.2011,8820,8866.5,24601,24394,,,,,,,1787.4,,4.235,4.721
13.05.2011,8778.75,8816,24400,24185,,,,,,,1770.8,,4.246,4.742
20.05.2011,9058,9084,23533,23370,,,,,,,1772.4,,4.23,4.731
27.05.2011,9192.75,9209.5,23082,22980,,,,,,,1800,,4.518,4.907
03.06.2011,9093,9114,22791,22700,,,,,,,1823.7,,4.707,4.968
10.06.2011,8930.75,8952,22835,22795,,,,,,,1833,,4.757,4.996
17.06.2011,9094.5,9084.5,21605,21595,,,,,,,1752.1,,4.325,4.701
24.06.2011,9043.5,9022.5,22135,22105,,,,,,,1677.6,,4.229,4.616
01.07.2011,9444,9433,22987,22970,,,,,,,1716.8,,4.311,4.746
08.07.2011,9654.75,9655,23873,23930,,,,,,,1731.9,,4.205,4.687
15.07.2011,9661,9666.5,24138,24176,,,,,,,1755.5,,4.546,4.856
22.07.2011,9661.75,9673,23949,23995,,,,,,,1798.4,,4.399,4.737
29.07.2011,9815.5,9822.75,24966,24993,,,,,,,1785.3,,4.145,4.594
05.08.2011,9031.25,9062,22492,22494,,,,,,,1719.1,,3.941,4.498
12.08.2011,8856.25,8884,21371,21400,,,,,,,1796.7,,4.06,4.574
19.08.2011,8813.75,8847.5,21179,21221,,,,,,,1874.9,,3.94,4.475
26.08.2011,9066.75,9087,21422,21488,,,,,,,1826.9,,3.931,4.45
02.09.2011,9068.75,9098.25,21481,21552,,,,,,,1884.8,,3.872,4.44
09.09.2011,8810.5,8849.5,21141,21194,,,,,,,1837.9,,3.915,4.426
16.09.2011,8682.5,8725.5,21492,21548,,,,,,,1813.9,,3.809,4.404
23.09.2011,7354.5,7396,18264,18304,,,,,,,1613.2,,3.701,4.288
30.09.2011,7004.5,7063.5,17576,17659,,,,,,,1519.4,,3.666,4.277
07.10.2011,7359.25,7402,18883,18969,,,,,,,1489,,3.481,4.152
14.10.2011,7540,7566,18851,18923,,,,,,,1549.5,,3.703,4.233
21.10.2011,7143.5,7171.5,18779,18856,,,,,,,1500.2,,3.629,4.089
28.10.2011,8174.5,8177,19684,19758,,,,,,,1641.8,,3.923,4.333
04.11.2011,7866.5,7883,18895,18960,,,,,,,1626.8,,3.783,4.195
11.11.2011,7634,7652,18073.5,18102,,,,,,,1645.2,,3.584,4.02
18.11.2011,7513.75,7548.25,17660,17675,,,,,,,1587,,3.316,3.875
25.11.2011,7217.25,7256.25,16953,16973,,,,,,,1532.1,,3.542,4.055
02.12.2011,7880.75,7911.5,17738,17762,,,,,,,1548.5,,3.584,4.297
09.12.2011,7805.25,7855.25,18596,18641.5,,,,,,,1515.8,,3.317,4.027
16.12.2011,7339.75,7362.5,18565.5,18597,,,,,,,1417.3,,3.127,3.881
23.12.2011,7643.5,7652,18491,18550,,,,,,,1429.5,,3.114,3.894
30.12.2011,7595,7620,18731,18750,,,,,,,1399.7,,2.989,3.883
06.01.2012,7574.75,7602,18746,18797,,,,,,,1405.3,,3.062,3.913
13.01.2012,7996.5,8018,19579,19658,,,,,,,1487.4,,2.67,3.647
20.01.2012,8216,8234,20428,20520,,,,,,,1530.9,,2.343,3.386
27.01.2012,8519.25,8534.5,21657,21789,,,,,,,1620.4,,2.678,3.689
03.02.2012,8557,8592,21265,21414,,,,,,,1630.4,,2.499,3.645
10.02.2012,8473.75,8507,20648,20845,,,,,,,1658.3,,2.477,3.676
17.02.2012,8174,8207.5,19570,19812,,,,,,,1632.4,,2.684,3.752
24.02.2012,8549,8535.75,20114,20330,,,,,,,1713.6,,2.55,3.702
02.03.2012,8581.25,8605,19432,19659,,,,,,,1691.7,,2.484,3.474
09.03.2012,8507,8516,19255,19469,,,,,,,1684.9,,2.324,3.378
16.03.2012,8525,8508.5,18853,19071,,,,,,,1675.5,,2.326,3.48
23.03.2012,8399.5,8383.5,18125,18354,,,,,,,1627.9,,2.275,3.429
30.03.2012,8469,8452.5,17765,17985,,,,,,,1638.3,,2.126,3.311
06.04.2012,8361,8380,18367,18595,,,,,,,1604.7,,2.089,3.299
13.04.2012,8002.75,8005.5,18270,18499,,,,,,,1585,,1.981,3.196
20.04.2012,8222,8199.5,17752,17977,,,,,,,1580.9,,1.927,3.071
27.04.2012,8494,8372,18040,18260,,,,,,,1571.7,,2.186,3.287
04.05.2012,8197.5,8155,17537,17730,,,,,,,1534,,2.279,3.367
11.05.2012,8056,7978,17165,17342,,,,,,,1469.9,,2.509,3.525
18.05.2012,7696,7625.5,16783,17004,,,,,,,1457.8,,2.742,3.58
25.05.2012,7673,7610.5,16999,17232,,,,,,,1425,,2.568,3.416
01.06.2012,7378.5,7355,16066,16265,,,,,,,1433.2,,2.326,3.323
08.06.2012,7292,7305,16885,17073,,,,,,,1425.1,,2.299,3.339
15.06.2012,7508.75,7521.75,16811,16995,,,,,,,1487.2,,2.467,3.368
22.06.2012,7326,7313,16540,16751,,,,,,,1431.2,,2.625,3.449
29.06.2012,7696.5,7681,16703,16880,,,,,,,1449.1,,2.824,3.559
06.07.2012,7538,7533,16126,16313,,,,,,,1447.6,,2.776,3.511
13.07.2012,7706.5,7688,16122,16319,,,,,,,1433.3,,2.874,3.62
20.07.2012,7547,7541.5,15915,16105,,,,,,,1412.6,,3.081,3.604
27.07.2012,7562,7577.5,15839,16043,,,,,,,1406.7,,3.01,3.663
03.08.2012,7444.5,7458.5,15580,15764,,,,,,,1413.3,,2.877,3.52
10.08.2012,7488.75,7504.5,15360,15566,,,,,,,1398.8,,2.77,3.582
17.08.2012,7540.5,7543.5,15588,15791,,,,,,,1472.1,,2.719,3.506
24.08.2012,7637,7650,16439,16636,,,,,,,1553.4,,2.702,3.485
31.08.2012,7613.5,7626.25,15909,16117,,,,,,,1536.3,,2.799,3.495
07.09.2012,7967.25,7970.5,16467,16644,,,,,,,1596.3,,2.682,3.404
14.09.2012,8372,8377,17748,17919,,,,,,,1713.7,,2.943,3.609
21.09.2012,8282,8279.5,18149,18322,,,,,,,1637.6,,2.885,3.667
28.09.2012,8213,8205,18439,18625,,,,,,,1665.3,,3.32,3.88
05.10.2012,8297,8304,18270,18449,,,,,,,1703.8,,3.396,3.933
12.10.2012,8131.5,8140,17037,17222,,,,,,,1657.6,,3.611,4.044
19.10.2012,8015,8027.5,16904,17109,,,,,,,1614,,3.617,4.107
26.10.2012,7824.5,7832.5,15957,16155,,,,,,,1545.3,,3.4,3.97
02.11.2012,7665.25,7676,15950,16115,,,,,,,1542.9,,3.554,3.938
09.11.2012,7567.75,7579,15924,16088,,,,,,,1557.4,,3.503,3.904
16.11.2012,7599.25,7616.5,15921,16098,,,,,,,1559.8,,3.79,4.095
23.11.2012,7770.5,7795.25,16583,16773,,,,,,,1615.1,,3.901,4.207
30.11.2012,7983.25,8021.5,17612,17800,,,,,,,1603.1,,3.561,4.053
07.12.2012,8023.75,8068.25,17195,17387,,,,,,,1607,,3.551,4.069
14.12.2012,8051.25,8101,17830.5,18039.5,,,,,,,1614.5,,3.314,3.908
21.12.2012,7817,7868,17305,17522,,,,,,,1536.9,,3.451,4.032
28.12.2012,7871.5,7924,17151,17364,,,,,,,1517.4,,3.469,4.136
04.01.2013,8072.25,8123,17322,17512,,,,,,,1556.7,,3.287,4.008
11.01.2013,8030.75,8089,17549.5,17743.5,,,,,,,1630.2,,3.327,4.024
18.01.2013,8047.25,8111,17513,17724,,,,,,,1671.3,,3.566,4.187
25.01.2013,8007.75,8088.5,17340,17551,,,,,,,1693.4,,3.444,4.15
01.02.2013,8276.5,8348.5,18600,18781,,,,,,,1686.2,,3.301,4.023
08.02.2013,8278.5,8348,18280,18479.5,,,,,,,1713.5,,3.272,4.021
15.02.2013,8187.5,8267.5,18336.5,18539,,,,,,,1676.6,,3.153,3.911
22.02.2013,7784.5,7866,16929,17144,,,,,,,1606.3,,3.291,3.976
01.03.2013,7688.25,7766,16572,16769,,,,,,,1573.5,,3.456,4.021
08.03.2013,7724.5,7811.5,16699,16892,,,,,,,1603.9,,3.629,4.12
15.03.2013,7734,7821,16858,17058,,,,,,,1592.4,,3.872,4.234
22.03.2013,7635.5,7741,17104,17325,,1254,,,,,1581.7,,3.927,4.27
29.03.2013,7518.25,7620.5,16602.5,16831,,1229,,,,,1571.2,,4.024,4.081
05.04.2013,7392,7476,15907,16132,,1211,,,,,1534.7,,4.125,4.125
12.04.2013,7389.5,7476.75,15806,16029,,1201,,,,,1495.5,,4.222,4.076
19.04.2013,6974.5,7065,15117,15365,,1133,,,,,1423.5,,4.408,4.228
26.04.2013,7005.5,7094.75,15146,15395,,1108,,,,,1475.2,,4.151,4.167
03.05.2013,7260.75,7325,15188,15407,,1088,,,,,1501.2,,4.041,4.1
10.05.2013,7369,7421,15320,15536,,1071,,,,,1486,,3.91,4.048
17.05.2013,7289.25,7359.5,14776,15024,,1075,,,,,1468,,4.055,4.128
24.05.2013,7281.75,7357.75,14753,14999,,1075,,,,,1451.9,,4.237,4.235
31.05.2013,7290.25,7366,14766,15012,,1079,,,,,1460.6,,3.984,4.102
07.06.2013,7214.25,7292.75,15009.5,15239,,1040,,,,,1502.6,,3.828,4.025
14.06.2013,7070,7151,14277,14509,,999,,,,,1447.4,,3.733,3.949
21.06.2013,6797.5,6880.75,14023.5,14267.5,,1012,,,,,1369.5,,3.771,3.978
28.06.2013,6738.5,6800,13655.5,13891,,991,,,,,1336.9,,3.565,3.884
05.07.2013,6791,6812,13266,13489,,1007,,,,,1325.4,,3.617,3.918
12.07.2013,6952,6975,13734,13950,,1010,,,,,1409.1,,3.644,3.963
19.07.2013,6918.5,6940.5,14118,14340,,989,,,,,1429.7,,3.789,4.01
26.07.2013,6857,6885,13798.5,14033.5,1101,1008,,,,,1421.9,,3.555,3.907
02.08.2013,7001,7037,13965,14186,1107,1008,,,,,1450.6,,3.347,3.787
09.08.2013,7268,7302.25,14638,14863,1133,1018,,,,,1499.7,,3.23,3.694
16.08.2013,7387.25,7428.5,14951.5,15174,1222,1021,,,,,1526.7,,3.368,3.803
23.08.2013,7345.75,7411.5,14471,14720,1243,1018,,,,,1540.7,,3.485,3.905
30.08.2013,7086,7152.5,13738,13996,1216,957,,,,,1526.2,,3.581,3.931
06.09.2013,7144.75,7214,13937,14175,1249,1001,,,,,1495.7,,3.53,3.867
13.09.2013,7024.25,7094,13832.5,14073.5,1253,965,,,,,1444.5,,3.677,3.965
20.09.2013,7263.75,7327.5,13984.5,14243,1266,967,,,,,1432.6,,3.687,3.998
27.09.2013,7284,7348,13928,14200,1272,978,,,538.8,,1414.9,,3.589,3.921
04.10.2013,7247.5,7313,14008,14255,1258,986,,,545,,1386,,3.506,3.848
11.10.2013,7188.25,7242.25,13873.5,14114.5,1270,996,,,544.8,,1373.2,,3.776,4.035
18.10.2013,7232,7293,14160,14376,1272,1006,985,,558,,1435.6,,3.764,4.006
25.10.2013,7181.75,7215.75,14533,14746,1220,1015,935,,552,,1453.3,,3.707,3.936
01.11.2013,7245,7279.75,14542,14727,1218,1008,952,,554.6,,1449.9,,3.513,3.758
08.11.2013,7166.25,7191.25,13879,14058,1179,1029,949,,558.6,,1441.4,,3.559,3.79
15.11.2013,7006.25,7037.75,13782,13982,1165,1052,951,,571.8,,1437.4,,3.66,3.856
22.11.2013,7101,7105,13510,13729,1178,1027,957,,582.2,,1381.2,,3.768,3.938
29.11.2013,7059.75,7063,13462,13684,1180,1014,965,,566.6,,1367.9,,3.954,4.162
06.12.2013,7123.5,7100.25,13724.5,13922,1202,1081,964,,594.6,,1356.3,,4.114,4.283
13.12.2013,7263.5,7179,14063,14252,1144,1039,945,,577,,1362.9,,4.351,4.358
20.12.2013,7245.5,7168,14379,14577,1136,1024,932,,595.6,,1332.2,,4.418,4.357
27.12.2013,7391.75,7337,14149,14368,1096,993,923,,591.6,,1376,,4.407,4.38
03.01.2014,7324.5,7262,13813.5,14013,1043,990,899,,565.8,,1412.3,,4.304,4.456
10.01.2014,7314.75,7269.5,13827,13990,1054,997,909,,540.6,,1435.2,,4.053,4.204
17.01.2014,7363,7305.5,14665,14807,1037,990,909,,550,,1452.9,,4.326,4.352
24.01.2014,7207,7147.25,14455,14591,1018,937,909,,545,,1427.4,,5.182,4.58
31.01.2014,7103,7030.75,13937,14070,994,872,860,,540.6,,1374.1,,4.943,4.64
07.02.2014,7165,7074.5,14117,14205,979,869,836,,542,,1378.3,,4.775,4.728
14.02.2014,7171,7099,14226,14282,993,915,850,,528,,1429.2,,5.214,4.757
21.02.2014,7195,7090,14337.5,14379,1016,903,848,841,527.4,,1427,,6.135,4.932
28.02.2014,7059,6972.5,14699,14727,987,852,838,813,532.6,,1446.2,,4.609,4.61
07.03.2014,6797,6764.5,15280,15217,922,877,788,776,516.6,,1483.6,,4.618,4.64
14.03.2014,6484,6476.5,15717,15700,891,818,788,750,521,,1469.6,,4.425,4.535
21.03.2014,6492.5,6493.25,16081,16112,857,818,788,738,524.2,,1436,,4.313,4.472
28.03.2014,6686,6671,15679,15748,872,846,788,779,524.2,,1404.7,,4.485,4.117
04.04.2014,6624.5,6627.25,16367,16428,911,825,833,805,520.2,,1449.8,,4.439,4.123
11.04.2014,6669.25,6673,17372,17392,922,827,853,810,530.8,,1461.8,,4.62,4.208
18.04.2014,6661.5,6644.5,17899,17911,896,782,835,765,520.8,,1428.3,,4.741,4.245
25.04.2014,6785,6737.75,18428,18347,896,780,847,768,529.6,,1423,,4.647,4.188
02.05.2014,6735.5,6677.5,18261,18230,896,773,830,753,523.4,,1440,,4.674,4.18
09.05.2014,6777,6687,19884,19753,894,818,805,729,537.2,,1429.2,,4.531,4.088
16.05.2014,6902,6793.5,18987,18969,869,829,795,718,537.2,,1465.6,,4.413,4.068
23.05.2014,6981,6848,19570,19483,875,796,772,692,537.2,,1475.5,,4.405,4.034
30.05.2014,6892,6786,19212,19161,875,765,720,677,537.2,,1454.7,,4.542,4.099
06.06.2014,6687,6687,18835,18909,888,825,703,689,547,,1453,,4.71,4.171
13.06.2014,6658.5,6647.75,18011,18142,867,836,696,672,547,,1435,,4.739,4.218
20.06.2014,6836.5,6799,18346,18418,861,806,695,678,547,,1457.3,,4.531,4.141
27.06.2014,6966,6922,18873,18909,872,806,696,702,547,,1478.5,,4.409,4.081
04.07.2014,7159,7126.25,19365.5,19418,866,787,699,709,523.2,,1505.5,,4.406,4.094
11.07.2014,7169.5,7136,19341,19498,833,769,718,702,523.2,,1512.3,,4.146,4.028
18.07.2014,6987.5,6976.25,18613.5,18735,825,743,735,689,523.2,,1489.2,,3.951,3.893
25.07.2014,7130,7104.5,19157,19266,820,743,680,674,523.2,,1477.3,,3.781,3.782
01.08.2014,7077,7053,18368,18525,820,739,688,672,483,516.2,1462.8,,3.798,3.807
08.08.2014,6999.75,6982.75,18514,18678,837,741,684,671,475.2,516.2,1480.3,,3.962,3.917
15.08.2014,6877,6863.25,18614,18787,829,732,668,655,472.6,516.2,1458.2,,3.776,3.816
22.08.2014,7086,7071.5,18691,18902,841,739,664,645,472.6,516,1420.5,,3.84,3.881
29.08.2014,6996.5,6972.5,18736,18964,823,733,611,628,461.6,511.4,1426.7,,4.065,3.918
05.09.2014,6983.5,6951.5,19531.5,19665.5,830,795,595,589,484.4,504.8,1411,,3.793,3.786
12.09.2014,6852.5,6811.75,18344,18530,821,786,595,587,484.4,504.8,1370.5,,3.857,3.821
19.09.2014,6862.25,6808.25,17715.5,17928,837,783,596,570,486,506,1337.3,,3.837,3.828
26.09.2014,6755.5,6695,16924,17122,828,801,578,538,486,511,1302,,3.984,3.883
03.10.2014,6663,6608,16513.5,16690,828,775,617,522,486,518.6,1226,,4.039,3.866
10.10.2014,6674.5,6591,16333,16510,838,764,567,534,483.2,519.4,1261.1,,3.859,3.793
17.10.2014,6675,6595,15653,15838,824,783,576,533,483.2,520.4,1263.3,,3.766,3.772
24.10.2014,6744,6634,14964,15151,780,783,562,531,483.2,520.4,1251.4,,3.623,3.629
31.10.2014,6752,6647,15731,15913,771,773,562,528,483.2,520.4,1236.2,,3.873,3.846
07.11.2014,6757,6652,15397,15564,765,750,561,511,518.4,496.4,1211.8,,4.412,3.926
14.11.2014,6748,6630,15551,15698,765,764,555,504,509.6,500.8,1212.2,,4.02,3.807
21.11.2014,6772,6661.75,16587,16731,748,764,555,474,509.6,502,1226.4,,4.266,3.806
28.11.2014,6409,6313.5,16233,16381,760,750,555,465,509.6,493,1210.4,,4.088,3.972
05.12.2014,6481,6417,16765.5,16896.5,766,782,524,485,505,482.8,1219.5,,3.802,3.857
12.12.2014,6513.75,6450.25,16632.5,16775,793,800,524,485,503.8,479.2,1231.5,,3.795,3.862
19.12.2014,6438.5,6354,15555,15725,768,793,521,475,500.2,479,1197,,3.464,3.668
26.12.2014,6344,6262,15285,15459,753,789,496,460,501,475.4,1218.5,,3.007,3.469
02.01.2015,6281,6209,14793,14930,753,808,531,496,507.4,482.4,1203.3,,3.003,3.558
09.01.2015,6120.5,6031,15264,15422,755,765,515,493,480,489.2,1229.2,,2.946,3.487
16.01.2015,5748,5683,14742,14908,755,735,508,485,471,485.8,1269.8,,3.127,3.531
23.01.2015,5541,5500,14308,14462,746,757,513,462,477,485.6,1267.7,,2.986,3.472
30.01.2015,5542,5459.5,15118,15284,750,757,513,456,493.6,484.6,1239.2,,2.691,3.285
06.02.2015,5663,5623.5,15204,15343,755,756,494,465,503.4,481.6,1223.6,,2.579,3.238
13.02.2015,5744.25,5708.25,14608,14742,755,756,495,471,503.4,481.6,1210.5,,2.804,3.372
20.02.2015,5704,5675.5,13913,14074,743,773,509,473,503.4,481.6,1172.9,,2.951,3.411
27.02.2015,5918,5872,14048.5,14213,738,773,509,481,503.4,481.6,1186.7,,2.734,3.214
06.03.2015,5755,5725.5,14335,14489,740,738,489,453,481.6,481.6,1158.8,,2.839,3.286
13.03.2015,5870.5,5835.5,14096,14242,737,738,530,462,481.6,481.6,1115.2,,2.727,3.196
20.03.2015,6070.5,6012,14217,14350,722,716,550,439,450.4,480.8,1141.2,,2.786,3.225
27.03.2015,6075.5,6025.5,13242,13396,723,689,550,431,450.4,451.6,1143.6,,2.59,3.125
03.04.2015,5993.5,5954.75,12997.5,13153,705,705,379,386,424.6,434.8,1153.9,,2.713,3.021
10.04.2015,6050.5,6014.5,12591,12749,686,697,368,376,403.2,418,1169.5,,2.511,2.923
17.04.2015,6071,6056,12523.5,12693,683,715,402,396,400.4,419.4,1166.6,,2.634,2.979
24.04.2015,6025,6047,13166,13324,655,705,431.5,419.5,405.2,429.4,1120.2,,2.531,2.932
01.05.2015,6407.5,6398.25,13728,13869,698.5,710.5,457.5,425.5,389.2,431.4,1129.1,,2.776,3.04
08.05.2015,6389.5,6395,14275,14410,682,709.5,472,440,392.2,434.6,1142.8,,2.88,3.131
15.05.2015,6415.5,6416.75,13951.5,14084.5,688.5,708.5,460.5,428.5,403.4,434.6,1168.4,,3.016,3.138
22.05.2015,6161.5,6169,12679,12827,710,708.5,453.5,411.5,403.4,434.6,1148,,2.887,3.101
29.05.2015,6010.25,6032,12583,12737,717,681.5,468,418,403.4,434.6,1111,,2.642,2.988
05.06.2015,5931,5959.5,13150,13277,720.5,733,484,424.5,396.8,434.6,1092,,2.59,2.968
12.06.2015,5901,5939.5,13099,13234,722,734.5,492.5,423,396.8,434.6,1096.8,,2.75,3.077
19.06.2015,5651.5,5698.5,12679.5,12837,729,720,506.5,418,396.8,434.6,1086.8,,2.816,3.109
26.06.2015,5747.5,5791,12411,12575,737,680,507,413,391.6,434.6,1080.7,,2.773,3.081
03.07.2015,5752.5,5789.5,11977.5,12121,728,660.5,449.5,390.5,414.2,434.6,1083.7,,2.822,3.138
10.07.2015,5586,5623.5,11233,11381,658,660.5,368,360.5,414.2,434.6,1032.1,,2.77,3.11
17.07.2015,5470,5522.75,11471.5,11620,653,660.5,378.5,350.5,414.2,434.6,1001,,2.87,3.118
24.07.2015,5253,5308.75,11268.5,11406.5,633,660.5,390.5,354.5,414.2,434.6,982.3,,2.776,3.066
31.07.2015,5221,5265,11004.5,11142,634,660.5,413.5,363.5,414.2,434.6,984,,2.716,3.037
07.08.2015,5168,5208.75,10774.5,10901.5,626,613.5,421.5,354,378,434.6,962.7,,2.798,3.036
14.08.2015,5162,5188.5,10572,10690,612.5,622.5,443,375.5,377.6,434.6,993.6,,2.801,3.05
21.08.2015,5063.25,5074.5,10175,10304,609,611.5,441,362.5,376.8,434.6,1026.5,,2.676,2.942
28.08.2015,5147,5138.5,10038,10127,608.5,563.5,434.5,363,363.6,434.6,1021.3,,2.715,2.927
04.09.2015,5128.75,5117.75,9938.5,9999,604.5,589.5,430,372.5,360.8,434.6,992.4,,2.655,2.922
11.09.2015,5381.5,5345.75,10282,10337,602,604,467,380,376.8,434.6,964.9,,2.693,2.922
18.09.2015,5271,5238,9654,9725,590,589.5,459,360,369.6,434.6,984.4,,2.605,2.85
25.09.2015,5040.5,5014,9929,9963,575,589.5,517,335,369.6,434.6,951.1,,2.564,2.838
02.10.2015,5108.75,5088.75,10014,10062,560,589.5,519.5,323.5,355,434.6,909.8,,2.451,2.77
09.10.2015,5307.5,5273.5,10482,10531,567,596.5,463,337,341,434.6,979,,2.502,2.828
16.10.2015,5298,5256,10567.5,10637.5,558.5,596.5,446,331,341,434.6,1022.2,,2.43,2.783
23.10.2015,5188.25,5154.25,10496,10573,559.5,596.5,473,327,341,434.6,1000.7,,2.286,2.702
30.10.2015,5131,5089,10042,10122,547.5,596.5,440.5,319,341,434.6,988.6,,2.321,2.706
06.11.2015,4993.5,4978,9610,9699.5,547.5,603,362.5,323.5,333,434.6,940,,2.371,2.745
13.11.2015,4833.25,4823.25,9400.5,9512,538,603,363.5,315,337.4,434.6,862.7,,2.361,2.759
20.11.2015,4597,4571,8702,8823,512,579,359,298.5,328.8,434.6,856.2,,2.145,2.587
27.11.2015,4592,4566,8748,8864,502,579,349,294,322.8,434.6,833,,2.212,2.739
04.12.2015,4614.5,4608.5,8962,9074.5,507,591,307,286,318.4,434.6,880.6,,2.186,2.724
11.12.2015,4706,4700.5,8671,8787,482,594,296,283,305.4,434.6,843.7,,1.99,2.667
18.12.2015,4690,4679,8738,8858.5,499.5,608,313.5,291,307.2,434.6,860.8,,1.767,2.643
25.12.2015,4697,4680,8609.5,8730.5,522.5,614,346,299,307.2,434.6,884.2,,2.029,2.662
01.01.2016,4712.5,4697,8788,8904,537.5,618,360,314.5,307.2,434.6,891.7,,2.337,2.872
08.01.2016,4486,4475,8543,8641,509.5,598.5,334.5,303.5,299.8,434.6,878.7,,2.472,2.995
15.01.2016,4330,4325,8373,8488,503,611,326,295.5,311.8,434.6,826.5,,2.1,2.792
22.01.2016,4452,4428.5,8685.75,8800,519,611,320.5,294,311.8,434.6,830.1,,2.139,2.844
29.01.2016,4569,4546,8592,8717.5,530.5,611,316,296.5,320,434.6,872.3,,2.298,2.853
05.02.2016,4633.25,4618.25,8140.5,8250.5,532.5,588,336,307,320.4,434.6,902.8,,2.063,2.814
12.02.2016,4505.5,4487.5,7798,7905.5,532.5,588,336,307,322,434.6,957.7,,1.966,2.719
19.02.2016,4627.75,4615,8562.5,8663,542.5,564.5,339,314.5,322,434.6,945,,1.804,2.595
26.02.2016,4716.25,4693.5,8470,8573,558,564.5,366,327,322,434.6,914.5,,1.791,2.521
04.03.2016,5033.75,5002,9327,9415,567.5,586,406,346.5,322,434.6,986.3,,1.666,2.647
11.03.2016,4981,4938.25,8810,8910.5,602.5,586,426,358,356.6,434.6,969.7,,1.822,2.759
18.03.2016,5059.5,5016,8634,8766,595.5,586,446,382,369.8,434.6,970.5,,1.907,2.799
25.03.2016,4970,4916.5,8622.25,8749,595.5,586,421,363,375,434.6,952.4,,1.806,2.822
01.04.2016,4843.25,4820,8298.5,8420,641,618,417.5,357.5,376.2,434.6,952.7,,1.956,2.629
08.04.2016,4654.75,4638.5,8523.5,8646,676.5,610.5,416,353,379,434.6,967.4,,1.99,2.672
15.04.2016,4817,4794,8892,9009,738,621.5,457,380,366,413.8,987.9,,1.902,2.666
22.04.2016,5045.25,5018.25,9064,9195.5,785,660,520.5,445.5,364.8,434.6,1009.5,,2.14,2.835
29.04.2016,5064,5039.5,9417,9545,766.5,625.5,540,412.5,372.6,415,1077.9,,2.178,2.878
06.05.2016,4816.5,4800,9043.5,9163,699.5,671,466.5,377,358.2,405.8,1084.5,,2.101,2.863
13.05.2016,4632.5,4621.75,8612.5,8737.5,656,660,429.5,338.5,393,394.6,1051.9,,2.096,2.791
20.05.2016,4584,4575.5,8470.25,8601.75,696,634.5,461.5,332,393,405.8,1022.5,,2.062,2.763
27.05.2016,4704.5,4692.75,8387,8519.75,671,670,456,311,393,402.4,980.5,,2.169,2.896
03.06.2016,4691.75,4685,8474.25,8604,697,657.5,414,315.5,393,422.8,981.9,,2.398,2.905
10.06.2016,4503.25,4537.75,8898.5,9033,693.5,657.5,431,327.5,414.6,418,994.2,,2.556,2.977
17.06.2016,4550.5,4566,9035.5,9180,669.5,657.5,435.5,321.5,414.2,418,966.1,,2.623,2.948
24.06.2016,4695.5,4713.25,8988,9128.5,677,657.5,414,337,420,421.8,987.1,,2.662,2.984
01.07.2016,4910.5,4927.75,9951,10074,721,729.5,432.5,373.5,447.4,432.6,1055.4,,2.987,3.123
08.07.2016,4704.75,4736.75,9857.75,9981,722.5,739.5,436,371,437.4,441,1096.9,,2.801,3.121
15.07.2016,4908.75,4940.75,10253.5,10381,820,780,464.5,396.5,470.2,459.6,1091.5,,2.756,3.094
22.07.2016,4914.5,4944,10381.5,10511,786,780,459.5,368.5,456.2,459.6,1086.6,,2.777,3.039
29.07.2016,4917.25,4949.25,10598.25,10732.5,786,780,480,393,395.4,459.6,1147.3,,2.876,3.104
05.08.2016,4781.25,4818.25,10693,10815,812.5,780,486.5,410.5,390.8,466.8,1149.8,,2.772,3.086
12.08.2016,4751,4788.75,10276.25,10400,860.5,812,485.5,399.5,402.2,490.6,1127.9,,2.586,2.975
19.08.2016,4789.25,4833.75,10324.5,10464,851.5,751,484,406.5,463.2,491.4,1116.7,,2.584,2.959
26.08.2016,4604,4648.25,9772.25,9920.25,851.5,749.5,480.5,405.5,443.2,488,1075.2,,2.871,3.044
02.09.2016,4620.75,4651.5,10030,10173.5,886,821.5,458,386.5,499.6,487.8,1062.2,,2.792,2.999
09.09.2016,4624,4658,10341.25,10482.5,913.5,811.5,447,374.5,524.8,472.2,1067.5,,2.797,3.018
16.09.2016,4778.75,4807.75,9691.25,9831.75,913.5,812.5,449,364.5,629.2,463.2,1017.6,,2.948,3.076
23.09.2016,4842,4888.5,10627.5,10767,886,760,473.5,372.5,632.8,479,1057,,2.955,3.039
30.09.2016,4853,4896.75,10536,10679.25,917,920,443.5,364,636.6,487.4,1028.6,,2.906,3.028
07.10.2016,4768.5,4813.25,10168.75,10303,917,920,443.5,364,619.4,487.4,960,,3.193,3.201
14.10.2016,4665,4708.25,10456,10592,963.5,875.5,463,378,590.8,495.4,936.1,,3.285,3.311
21.10.2016,4623.5,4671.25,9925,10079,1019.5,875.5,448,387,606.8,554.4,929.7,,2.993,3.289
28.10.2016,4835,4872.5,10395.25,10547.75,1047,1254.5,500.5,418,607.6,521.6,978.2,,3.105,3.193
04.11.2016,4987.5,5012.25,10437.5,10576,1117.5,1450,513,433,607.8,548.6,1003.2,,2.767,3.031
11.11.2016,5545.75,5552.75,11181,11306,1306.5,1587.5,577.5,521.5,617.2,555.2,942.1,,2.619,3.009
18.11.2016,5417.5,5437.75,10814.75,10969.75,1229,1618.5,537,465,600.6,526,920.6,,2.843,3.101
25.11.2016,5868,5882.5,11524.5,11673,1309,1706,541,534,618.6,526,906.8,,3.085,3.267
02.12.2016,5755,5753.25,11430.25,11571.5,1213,1504.5,633,530.5,700.6,526,932.7,,3.436,3.487
09.12.2016,5819,5824.75,11439,11585,1241,1549,664.5,569,632.4,531.2,915,,3.746,3.576
16.12.2016,5628.25,5638.25,11136,11290,1188,1576.5,666,571.5,675.4,566.2,934.1,,3.415,3.536
23.12.2016,5460.75,5477.25,10371,10546,1196,1578,669.5,492,587.4,518,893.2,,3.662,3.621
30.12.2016,5526,5543.5,9975,10150.5,1090,1570,652,493.5,587.4,514.8,901.6,,3.724,3.78
06.01.2017,5581.25,5607,10215,10370,1090,1400,624,484,583.6,514,966.7,,3.285,3.572
13.01.2017,5894.25,5934,10416.75,10580.5,1122,1639,658.5,538,565.4,532.4,983.5,,3.419,3.705
20.01.2017,5737,5771.5,9663,9851,1070,1610.5,660,542.5,588,526.8,973.5,,3.204,3.563
27.01.2017,5887.5,5921.5,9430,9635.5,1099,1653,662,563.5,612.6,533.2,979.3,,3.391,3.697
03.02.2017,5765.25,5793.5,10197.5,10380,1071.5,1490.5,694.5,540,610.2,529.8,1004.7,,3.063,3.517
10.02.2017,6086,6100,10629,10798,1064.5,1490.5,670,565,628,529,1009.8,,3.034,3.582
17.02.2017,5952,5971,11011.75,11190,1154.5,1490.5,721.5,588.5,644.2,529,1004.3,,2.834,3.415
24.02.2017,5918,5947,10818.5,11005.5,1177.5,1490.5,752,578,625.4,546.2,1027.2,,2.627,3.272
03.03.2017,5912,5934.75,10964,11134.5,1224.5,1279.5,731.5,566.5,620.8,560.2,994.1,,2.827,3.321
10.03.2017,5723.75,5757,9861.5,10046,1227.5,1279.5,701.5,543.5,622.4,572.6,938.2,,3.008,3.37
17.03.2017,5928,5952,10222.5,10420.5,1241.5,1276.5,737.5,588.5,556,572.6,963,,2.948,3.307
24.03.2017,5791,5835.5,9828.5,10029.5,1212,1276.5,707,526.5,574.8,572.6,967.9,,3.076,3.424
31.03.2017,5824,5866,9979,10191.5,1124,1396.5,683,500.5,576.6,572.6,948.2,,3.19,2.878
07.04.2017,5818,5872.25,10147,10345,1225.5,1336,612,484.5,572.8,572.6,959.3,,3.261,2.903
14.04.2017,5675,5735.5,9710.5,9916,1135,1305.5,549,481.5,572,572.6,974,,3.227,2.952
21.04.2017,5604.5,5671,9303,9519.5,1067,1269.5,517,478,556.6,565.8,974.8,,3.101,2.965
28.04.2017,5715.5,5777,9406,9619,1067,1272,512,479,577.8,513.6,946.3,,3.276,2.905
05.05.2017,5575.5,5636,9114.5,9308,990.5,1186,473.5,449,605,501.2,909.7,,3.266,2.887
12.05.2017,5547.25,5603.25,9284.5,9465,1038.5,1115.5,461,430.5,581.8,493.6,917,,3.424,2.91
19.05.2017,5676,5727.5,9332,9520,958.5,1149,472.5,433.5,598,500.4,939.7,,3.256,2.883
26.05.2017,5646,5706.5,9043,9239,949.5,1150,451,420.5,594.6,499.4,961.1,,3.236,2.89
02.06.2017,5655.75,5708.75,8892.75,9076,884,1002.5,425.5,406,610.2,494.4,953.4,,2.999,2.87
09.06.2017,5791,5846.5,8948.5,9136.5,884,993.5,405.5,404.5,604,502.4,940.3,,3.039,2.897
16.06.2017,5645.75,5710.25,8903,9089.5,911,1055.5,426,410.5,595.4,505,926.8,,3.037,2.876
23.06.2017,5785.5,5844.75,9044,9244.5,975,1075.5,422.5,410.5,595.6,523,929.4,,2.929,2.847
30.06.2017,5923,5983.75,9355,9548,1059,1019,420.5,443,610.4,523,923.7,,3.035,2.87
07.07.2017,5814.75,5883.5,8894.75,9074,1049,1169.5,470.5,454.5,614.4,547.8,902,,2.864,2.812
14.07.2017,5909.5,5973.75,9545,9720.5,1086,1249.5,486,454.5,634,547.8,921,,2.98,2.895
21.07.2017,5983,6066,9484,9685,1120,1291.5,515.5,466.5,602.8,547.8,934.6,,2.97,2.895
28.07.2017,6302.5,6388,10165.5,10361.5,1163.5,1313.5,517,489,621.6,547.8,933.2,,2.941,2.876
04.08.2017,6360.75,6429.75,10223,10408,1200.5,1289.5,574,519,635.8,547.8,967.5,,2.774,2.861
11.08.2017,6394.5,6463.5,10626,10810.5,1294,1278,585,517.5,620.4,547.8,987.9,,2.983,2.924
18.08.2017,6466.75,6548.5,10943,11144.5,1365,1316,592.5,525,606.4,547.8,980.7,,2.893,2.898
25.08.2017,6647.5,6722,11441,11648,1418.5,1311.5,610.5,562,624,552.6,977.8,,2.892,2.907
01.09.2017,6820.5,6896,12003.75,12196,1359,1238,594,557,624,561,1009,,3.07,2.928
08.09.2017,6672.75,6751,11552,11761,1307,1240,558,518.5,630,578.2,1012.3,,2.89,2.907
15.09.2017,6480.5,6575,11039,11269,1213,1240,499,483,641.8,579.2,971.8,,3.024,2.956
22.09.2017,6430.25,6533,10361,10622,1126.5,1219,522,440,667.8,560.6,932.1,,2.959,2.95
29.09.2017,6447.25,6555,10430.5,10696,1050.5,1082,474,438,678.8,554.6,910.3,,3.007,2.958
06.10.2017,6643,6739,10553.5,10807,1050.5,1082,474,438,690.2,554.6,914.9,,2.863,2.956
13.10.2017,6864,6937.5,11633.5,11878,1103,1049.5,474,432,687.8,554.4,946.8,,3,3.008
20.10.2017,6929.5,7008.5,11687,11943,1131.5,1049.5,482,452,696.2,544.4,924.4,,2.915,3.023
27.10.2017,6808.5,6884.25,11546,11767,1122,1112.5,466.5,447.5,685.2,553.2,910.9,,2.752,2.961
03.11.2017,6881,6952.5,12698,12899,1142,1147,446,481.5,695,553.2,920.1,,2.984,3.011
10.11.2017,6767.5,6838.5,12073,12285,1212,1201,468.5,485.5,682.4,553.2,930.2,,3.213,3.073
17.11.2017,6756.5,6833.25,11531.5,11747,1169,1233,475.5,481,727.8,555.6,952.9,,3.097,3.064
24.11.2017,6986,7056.75,11988,12217.5,1298.5,1233,497.5,500.5,737.6,572.8,943.8,,2.813,2.953
01.12.2017,6820.75,6885.5,11257.5,11479.5,1313,1357.5,516,513,723.8,572.8,940.6,,3.061,3.129
08.12.2017,6552.75,6628.75,10913.5,11135,1221,1210.5,492.5,497.5,724.4,582.8,883.7,,2.772,3.001
15.12.2017,6865,6939.5,11539,11755,1179,1290.5,486.5,501,721.4,582.8,889.4,,2.612,2.877
22.12.2017,7100.5,7186.75,12086.5,12325,1305,1316.5,516.5,542.5,649.6,582.8,923,,2.667,2.862
29.12.2017,7219,7309,12714,12952,1360.5,1306.5,488,531,640.2,582.8,934.2,,2.953,3.081
05.01.2018,7101.75,7190,12498,12690,1311.5,1333.5,503,542,617.6,582.8,970.8,,2.795,3.016
12.01.2018,7087.75,7185.75,12691,12893,1293,1323.5,512.5,553,577,617.8,992,,3.2,3.099
19.01.2018,7016.75,7133.25,12688.5,12900.5,1237,1323.5,522,533.5,594.6,622.4,1016.2,,3.185,3.101
26.01.2018,7059.5,7168.5,13622.5,13805,1251,1307.5,576.5,525.5,565.2,629.2,1014.4,,3.505,3.197
02.02.2018,7028,7128.5,13413,13586,1257.5,1301,493,518,558.8,629.6,997.9,,2.846,3.114
09.02.2018,6731.5,6827.5,12943,13122.5,1264.5,1301,496,521.5,588.4,624,960.4,,2.584,2.987
16.02.2018,7205.5,7308.5,13887,14072.5,1266,1301,505.5,527,613,625.4,1010.1,,2.558,2.975
23.02.2018,7069.25,7191,13731,13929,1282,1301,506,530.5,597.8,625.4,997.3,,2.625,3.006
02.03.2018,6882.5,6977,13425.5,13593,1280,1418,539,536,621.6,625.4,965.1,,2.695,2.948
09.03.2018,6944,7040.5,13831,14004,1230,1338,521,491,643.2,614.4,964.2,,2.732,2.981
16.03.2018,6865.25,6964.75,13589,13772,1241,1332,513,485.5,651.4,615.8,950.2,,2.688,2.967
23.03.2018,6637.75,6750,12911,13103.5,1191,1380.5,497.5,446,670.2,568,948.4,,2.591,2.903
30.03.2018,6690.25,6802,13258,13451,1179.5,1317.5,487,453.5,684.4,574.2,927.3,,2.733,2.665
06.04.2018,6750,6857,13238,13429,1189.5,1297,438,445,679.8,568,914.1,,2.701,2.666
13.04.2018,6807.75,6915.75,13910.5,14059,1148.5,1268.5,434.5,446.5,678.4,560.8,929.7,,2.735,2.673
20.04.2018,6968.5,7091,14791.5,14944.5,1127.5,1246,455,467.5,686,575.2,927,,2.739,2.602
27.04.2018,6769.25,6888.75,13841.5,14019,1144,1145,464,461,651,590.2,911,,2.771,2.554
04.05.2018,6807.75,6913.25,13995,14172,1177,1259,465.5,473.5,646.8,592.6,907.7,,2.711,2.529
11.05.2018,6921.75,7025.5,14020,14213.5,1237,1327.5,511,474.5,652.2,589.6,924.1,,2.806,2.536
18.05.2018,6837.25,6942.5,14708.5,14929,1195.5,1327.5,517,469,651.4,598.2,885,,2.847,2.579
25.05.2018,6872.25,6955.25,14734,14937.5,1162,1251,517,450,581.8,571.6,899.2,,2.939,2.623
01.06.2018,6888.5,6964,15412,15589,1221.5,1247.5,444,459,620.4,599.4,906.7,,2.962,2.653
08.06.2018,7316.5,7365.25,15381.5,15565.5,1228,1238.5,443.5,463,626,599.2,905.7,,2.89,2.622
15.06.2018,7017.5,7080.75,15133,15333,1220,1306,431,469.5,627.2,603.4,887.8,,3.022,2.672
22.06.2018,6798.5,6828.5,15206.5,15432.5,1178,1234,422.5,464.5,629.2,582.6,873.3,,2.945,2.662
29.06.2018,6638,6673.5,14835.5,15060,1189.5,1265,435.5,466.5,630.4,584.8,852.4,,2.924,2.695
06.07.2018,6273,6332,13893.5,14148,1158,1216,456,467.5,636,584.8,844.3,,2.858,2.69
13.07.2018,6220.5,6295.75,13913.5,14195.5,1145,1216,456,468.5,645.2,582,827.6,,2.752,2.644
20.07.2018,6137.5,6209.75,13464,13753,1244,1165,462,471,653,586,825.8,,2.757,2.62
27.07.2018,6285.25,6361.5,13785.5,14079.5,1269,1232.5,472,497,653,590.2,826.8,,2.822,2.646
03.08.2018,6195.5,6273,13501,13775,1295,1192.5,481,491.5,644.6,581.2,834.9,,2.853,2.662
10.08.2018,6177.25,6252,13771,14047.5,1345.5,1197.5,509,519.5,632.6,591.8,827.8,,2.944,2.717
17.08.2018,5911.5,5989.25,13418,13711,1397.5,1208,508,516.5,635.2,588.4,775.9,,2.946,2.731
24.08.2018,6102,6155.5,13347,13645,1396.5,1285,493.5,516.5,619.2,583.6,789.3,,2.917,2.716
31.08.2018,5974,6018.25,12720,13035,1372.5,1315.5,481,510.5,597.8,583.6,785.9,,2.916,2.672
07.09.2018,5925,5967.75,12303,12579,1372.5,1304,499,510.5,614.8,583.6,780.4,,2.776,2.604
14.09.2018,5962.5,6000.25,12598,12869,1328.5,1296.5,496.5,510.5,595.8,586.6,798.6,,2.767,2.607
21.09.2018,6373.5,6373,13186.5,13477,1325,1322,519.5,509.5,582.6,591,829.6,,2.977,2.648
28.09.2018,6260.5,6266.5,12525,12827,1290.5,1330.5,505.5,498.5,589.6,590.4,818.7,,3.008,2.68
05.10.2018,6172,6175,12583,12854,1290.5,1330.5,505.5,498.5,571.8,590.4,821.1,,3.143,2.735
12.10.2018,6309.5,6286,12613,12866,1367,1327.5,526.5,510,580,608.2,836.4,,3.161,2.761
19.10.2018,6229,6220.5,12398,12681,1372.5,1422,527,506,587.4,576.4,832.6,,3.25,2.767
26.10.2018,6179,6149,11849,12112.5,1383.5,1435.5,548.5,510.5,587.4,579.6,829.5,,3.185,2.715
02.11.2018,6292.5,6273,11895.5,12122,1329.5,1378.5,509.5,502.5,592.6,579.6,873.5,,3.284,2.778
09.11.2018,6064.5,6043,11428,11680,1306,1361,522,481,591.6,579.6,854.2,,3.719,2.832
16.11.2018,6215,6173,11314,11554,1290,1368,566,473,600.6,581.6,844.8,,4.272,2.755
23.11.2018,6227.25,6164.5,10863.5,11142,1293.5,1372,536,464.5,603.8,581,843.7,,4.308,2.786
30.11.2018,6227,6163,11148.5,11426,1205.5,1380,506,449,619.8,573.2,798,,4.612,2.999
07.12.2018,6152,6127.5,10875,11125.5,1238.5,1438,509.5,455,620.6,576.8,790.4,,4.488,3.099
14.12.2018,6125.75,6131.75,11032,11287,1302,1429,513.5,460.5,626.4,576.8,785.3,,3.827,3.044
21.12.2018,5982.5,5997.25,10818,11107,1266,1421,539,464.5,628.4,576.8,795.8,,3.816,3.09
28.12.2018,5995.5,5998,10667,10968.5,1244,1445,540.5,464.5,610.8,569.6,789.6,,3.303,3.152
04.01.2019,5913.75,5933.5,11074,11344,1231.5,1381,517.5,472.5,621.4,569.6,822.5,,3.044,3.046
11.01.2019,5932.75,5968,11419,11693.5,1251,1395.5,519,473.5,622.4,574,813.4,,3.099,3.159
18.01.2019,6046,6078,11778.5,12054,1287,1405,541,488.5,610.8,587,797.4,,3.482,3.224
25.01.2019,6045.5,6091.5,11912,12198,1278,1431.5,545,496,623.2,575.4,814.2,,3.178,3.239
01.02.2019,6134.75,6176,12629,12876.5,1323.5,1240.5,650.5,539.5,587.6,586.4,824.9,,2.734,3.035
08.02.2019,6207.25,6233.5,12525,12783.75,1323.5,1240.5,650.5,539.5,600.8,586.4,801.7,,2.583,3.009
15.02.2019,6193,6198,12347.5,12602.5,1323,1263,673.5,544.5,605.4,583.6,805.3,,2.625,3.016
22.02.2019,6504,6479.5,12939.5,13211.5,1334,1321,651,559,605.2,582,843.7,,2.717,3.059
01.03.2019,6486,6485.5,13160,13409,1334.5,1293.5,619,556,590.8,583.2,863.7,,2.859,3.019
08.03.2019,6394,6403.75,13045.5,13296.5,1324.5,1293.5,635,556,585.8,567.4,817.6,,2.865,3.013
15.03.2019,6428.5,6437.25,12878,13137,1292,1263,627,530.5,576.8,563.6,831.8,,2.795,2.965
22.03.2019,6310.5,6330.5,12933,13225,1292,1337.5,623,522,578.6,565.4,848.4,,2.753,2.967
29.03.2019,6488.5,6489.5,12919.5,13215.5,1292,1258.5,623,531,587.2,565.2,848.9,,2.662,2.62
05.04.2019,6394.5,6432.5,13029,13291,1292,1246,682.5,569,578.2,575.4,902.4,,2.664,2.632
12.04.2019,6475,6512.5,12974.5,13231,1292,1222,710.5,586.5,578,574.8,894.8,,2.66,2.646
19.04.2019,6467.75,6509,12619,12915,1292,1226,689,555.5,585.8,574.8,901.1,,2.49,2.557
26.04.2019,6396.75,6430,12372.5,12666,1295.5,1199.5,696,552.5,581.4,574.8,898.9,,2.58,2.551
03.05.2019,6227.75,6264.25,12174,12402,1293,1208,712.5,570,576.4,574.8,873.4,,2.567,2.53
10.05.2019,6115,6160.5,11921,12132,1325,1324.5,720,561.5,577.8,574.8,864.5,,2.619,2.553
17.05.2019,6046,6096,12024,12203,1348.5,1343,766.5,598,575.8,575,820,,2.631,2.583
24.05.2019,5944,6003,12356,12549,1311,1368,809,626,586.4,570.8,801.9,,2.598,2.535
31.05.2019,5820,5877.75,11979.5,12215,1304,1286,836,628.5,586.4,564.6,792.6,,2.454,2.522
07.06.2019,5791.5,5836.5,11570,11827,1299,1403,771.5,591.5,552,563.2,806.1,,2.337,2.509
14.06.2019,5813,5844.5,11810,12061,1305.5,1425.5,861.5,650,552,565.8,804.7,,2.387,2.523
21.06.2019,5967.5,6003.25,12033.5,12321,1301.5,1421,914,631.5,556,565.8,811,,2.186,2.413
28.06.2019,5992,6020.5,12640,12897,1294.5,1441,945,642.5,546,565.8,835.5,,2.308,2.471
05.07.2019,5896.25,5940,12456,12692,1319,1424,892.5,664,553.4,565.8,806.6,,2.418,2.48
12.07.2019,5925.5,5969,13447,13654.5,1309.5,1424,918.5,667,547.4,573,829.7,,2.453,2.528
19.07.2019,6060.25,6107.25,14712,14932,1371.5,1430,945.5,668,548.8,572.8,847.4,,2.251,2.429
26.07.2019,5954,6006,14090,14300,1371.5,1466.5,956,630.5,550.8,572.4,862.9,,2.169,2.41
02.08.2019,5720.5,5765.25,14492,14636,1325,1389,871,617.5,550,568.4,851.1,,2.121,2.388
09.08.2019,5745.5,5787,15551,15706,1307,1411.5,746.5,579,553.2,567.6,862.1,,2.119,2.354
16.08.2019,5734.25,5779,16220,16185,1312.5,1399.5,731,555,553.2,567.6,849.3,,2.2,2.326
23.08.2019,5626,5675.75,15725,15636,1312.5,1403.5,702.5,539,548.8,567.6,853,,2.152,2.327
30.08.2019,5668.25,5711.75,18005,17735,1286,1419.5,719.5,533.5,543.8,567.6,929.6,,2.285,2.329
06.09.2019,5827.25,5870,17730,17628,1286,1373,732,551.5,559.8,567.6,958.5,,2.496,2.405
13.09.2019,5965.75,6006.25,17810,17695,1286,1387,776,560.5,572,562.8,952.2,,2.614,2.419
20.09.2019,5786,5838.25,17640,17224,1201,1387,778,512.5,563.6,562,942.6,,2.534,2.4
27.09.2019,5748.75,5800.25,17328.5,17131.5,1161.5,1299.5,782.5,519.5,562.8,559.6,931,,2.404,2.388
04.10.2019,5630,5679,17855,17640,1159,1299.5,792.5,527,530.8,558.4,884,,2.352,2.401
11.10.2019,5781.5,5839,17625.5,17398,1161,1285,752,526,542,555,897.7,,2.214,2.341
18.10.2019,5794.75,5851.5,16288,16170,1153,1277.5,702,520,540.2,552.8,894,,2.32,2.372
25.10.2019,5913.5,5977.5,16793,16744,1158,1296,708.5,517.5,530,552.8,929.3,,2.3,2.335
01.11.2019,5841.75,5896.75,16818,16717,1158,1273.5,653,523.5,519.4,551.2,951.9,,2.714,2.506
08.11.2019,5918.25,5969.25,16200,16167,1147.5,1265,641,516.5,505.8,551.8,890.9,,2.789,2.554
15.11.2019,5836.75,5895.5,14976,14979,1147.5,1285.5,648.5,527.5,479.8,552.6,892.7,,2.688,2.523
22.11.2019,5850.5,5897.25,14607,14710,1147.5,1316,662.5,538,478.6,547.2,890.2,,2.665,2.5
29.11.2019,5853.25,5903,13628,13780,1147.5,1319,663,542,471.4,540.8,897.9,,2.281,2.562
06.12.2019,5978.5,6024.75,13448,13581,1147.5,1234.5,652.5,555,471.4,544.8,898.9,,2.334,2.573
13.12.2019,6115.5,6159.25,14137,14296,1156,1230.5,684.5,588.5,526.4,544.8,928.8,,2.296,2.554
20.12.2019,6164,6203,14489,14669,1160.5,1238,677,576.5,553.6,544.8,913.8,,2.328,2.578
27.12.2019,6200.5,6244,14156.5,14379,1157,1204,679.5,570,557.2,544.8,950.4,,2.231,2.583
03.01.2020,6120.25,6166.5,13726,13928,1191,1242,699,582,563.2,544.8,987,,2.13,2.718
10.01.2020,6185.5,6239,14151.5,14372.5,1217,1245,699.5,582.5,569.6,540.2,981.7,,2.202,2.715
17.01.2020,6263.25,6316,13867,14107,1177,1245,713.5,583.5,576.4,547.6,1020.1,,2.003,2.656
24.01.2020,5914.25,5970.75,12892,13149,1168,1273,709.5,582.5,587.8,542.2,1005.8,,1.893,2.571
31.01.2020,5556.75,5612.5,12786.5,13052,1168,1273,709.5,582.5,547,542.2,959.2,,1.841,2.52
07.02.2020,5656,5713,12724,12974,1168,1233,622.5,558,565.6,552.6,968,,1.858,2.541
14.02.2020,5751.75,5804.5,12961,13218,1182,1246.5,662.5,576.5,555.8,552.6,966.7,,1.837,2.541
21.02.2020,5757.75,5815.25,12470,12755,1182,1246.5,702,612.5,571.6,549,974,,1.905,2.527
28.02.2020,5629,5688,12201,12472,1182,1292,677.5,571.5,565.6,549,862.8,,1.684,2.338
06.03.2020,5597.5,5659,12818.5,13016.5,1182,1309.5,695,593.5,556.6,544.8,896.4,,1.708,2.341
13.03.2020,5448.25,5508,12286,12467,1185.5,1309.5,706.5,579,570.4,544.8,743.9,,1.869,2.492
20.03.2020,4802.25,4870.5,11180,11411,1159.5,1250.5,734.5,548,586.4,531,622.5,,1.604,2.501
27.03.2020,4784.5,4842.5,11312,11543.5,1138,1261.5,693,549.5,591,513.4,740.3,,1.671,2.565
03.04.2020,4833,4884,11208.5,11420,1091.5,1214,645.5,524,598.8,497.8,717.5,,1.621,2.401
10.04.2020,5008,5064,11629.5,11853.25,1090.5,1238.5,670,540,595.4,494.8,747.9,,1.733,2.47
17.04.2020,5200.5,5255,12000,12234,1105,1257,688.5,555,595.4,494.8,783.1,,1.753,2.499
24.04.2020,5125.99,5192.5,12195,12441,1077,1215.5,674.5,548.5,607.8,494.8,771,,1.746,2.562
01.05.2020,5099.25,5162.25,11922.75,12144,1044,1234.5,691,546.5,616.2,503,768.4,,1.89,2.569
08.05.2020,5258,5328.5,12289,12520.5,1062,1151.5,681,563.5,633.4,503,783.2,,1.823,2.521
15.05.2020,5164.5,5239.75,11808.5,12032.5,1086.5,1170,713,579.5,639.6,505.4,816.4,,1.646,2.492
22.05.2020,5272.8,5347.75,12204.5,12445.5,1078.5,1207.5,778,614.5,688.6,512.2,883.6,,1.731,2.485
29.05.2020,5358.75,5432.5,12270.75,12511.5,1068,1185,776,612.5,760.8,510.6,870.5,,1.849,2.526
05.06.2020,5678.8,5737.25,12948.5,13172,1077.5,1242,788.5,624.5,741.4,508.6,830.4,,1.782,2.488
12.06.2020,5770.75,5824.25,12618,12839,1100.5,1257,797,629,759.6,510,819,,1.731,2.523
19.06.2020,5839.25,5886.75,12722,12952.75,1109.5,1256,806,633.5,794.4,510,827.3,,1.669,2.517
26.06.2020,5955.5,5975.5,12641.5,12850,1111.5,1245.5,806,630,793.4,510.4,809.9,,1.544,2.461
03.07.2020,6019.5,6027.25,12970.5,13156,1111.5,1211,776.5,622,850.2,521,822.5,,1.734,2.54
10.07.2020,6416.05,6395,13489,13663,1123,1242,833,654.5,576.4,535.2,840.1,,1.805,2.522
17.07.2020,6455,6433.5,13191,13379.75,1131,1246.5,869.5,662,587.8,525.2,844.1,,1.718,2.535
24.07.2020,6425,6390.75,13625.25,13812.5,1161.5,1297,870,674.5,574.2,526.8,948.5,,1.808,2.557
31.07.2020,6422.5,6402,13748,13943,1154,1286.5,879,674,557.8,529.2,912.2,,1.799,2.634
07.08.2020,6305,6315.25,14353.75,14529.5,1170,1220.5,899.5,715.5,552.4,526.4,967.4,,2.238,2.712
14.08.2020,6366.25,6374,14332,14525,1143.5,1194.5,910.5,739,568.6,520,956.2,,2.356,2.752
21.08.2020,6498.75,6488,14661.5,14861.5,1148,1213,920,753,562.6,523,923.5,,2.448,2.81
28.08.2020,6681.5,6651,15344,15524,1153.5,1229.5,918.5,726,561.2,533.8,937.5,,2.657,2.813
04.09.2020,6715.5,6692,15269.5,15447.5,1203.5,1222.5,920,749,569.4,532.6,898.2,,2.588,2.855
11.09.2020,6747.25,6718,15062.25,15242.5,1187.5,1254.5,913,734,583.8,545,939.6,,2.269,2.854
18.09.2020,6833.25,6794,14871,15063.5,1187,1281,915.5,695.5,597.2,550.2,938.5,,2.048,2.833
25.09.2020,6546.55,6550.55,14230,14417.5,1163,1283.5,910,667.5,601.8,561,842,,2.139,2.829
02.10.2020,6554.75,6558.5,14395.5,14563.5,1179,1315.5,960.5,691,595.4,560.6,886.4,,2.438,2.782
09.10.2020,6766.5,6774.5,15197.5,15360,1208,1311,923.5,715,608.8,559.6,889.7,,2.741,2.893
16.10.2020,6736.5,6749,15623.5,15786,1200.5,1314,876,685,603,556,865.2,,2.773,3.001
23.10.2020,6861.75,6876.5,15687.25,15860.25,1216.5,1329,868,686,621.8,552.8,902.5,,2.971,3.004
30.10.2020,6713.75,6732.25,15128,15293,1231,1334.5,859,675,626.2,562,844.6,,3.354,3.138
06.11.2020,6940.75,6958.25,15336.75,15477.75,1242.5,1305.5,821.5,673,643.4,562,897.2,,2.888,3.008
13.11.2020,6975.25,6993.25,15864,16002,1259,1324.5,860.5,697.5,704.2,562,893.8,,2.995,3.041
20.11.2020,7271.5,7277.5,16119.5,16269,1249.5,1310,913,717,736.6,562.8,954.4,,2.65,2.836
27.11.2020,7493.25,7494.5,16418.5,16565.25,1285,1450.5,930.5,756.5,750.8,572.8,963,,2.843,3.044
04.12.2020,7755.75,7738.75,16377.5,16501,1349.5,1513,952.5,787.5,770.6,601.2,1072.8,,2.575,2.871
11.12.2020,7764,7755.5,17252.25,17396,1424.5,1566,1067.5,932.5,743,649.6,1021.8,,2.591,2.935
18.12.2020,7980.25,7959.5,17449,17610,1542,1525,1093.5,951.5,794.4,668.6,1043.1,,2.7,2.998
25.12.2020,7782.25,7766.75,16950.5,17135.5,1609,1569.5,1100,919.5,759.6,640,1028.9,,2.518,2.893
01.01.2021,7757.75,7747.25,16566.5,16762,1529,1500.5,1079,879,794.4,629.4,1075.4,,2.539,3.006
08.01.2021,8123.75,8098.5,17635.25,17790.25,1665.5,1646,1138,958.5,793.4,653.2,1067.6,,2.7,3.102
15.01.2021,7946.5,7911,17983.25,18049.25,1582.5,1758,1147.5,945.5,850.2,651,1085.9,,2.737,3.147
22.01.2021,8001.75,7943,18236.5,18351,1541.5,1806,1174.5,924.5,805.6,615.8,1108,,2.446,3.03
29.01.2021,7862.5,7797.25,17658.5,17762.5,1431.5,1800,1183.5,861.5,778,598,1075.8,,2.564,3.008
05.02.2021,7917.5,7838.5,18005,18096,1433.5,1634,1116.5,830.5,648,597.4,1131.8,,2.863,3.176
12.02.2021,8344.5,8230,18539,18637,1435.5,1648.5,1176.5,867.5,645.2,614,1257.5,,2.912,3.199
19.02.2021,8923.75,8771.5,19564.5,19621,1488,1654.5,1205.5,922,606.6,600.6,1291.1,,3.069,3.272
26.02.2021,9093.25,8984,18540,18635.5,1480.5,1484.5,1251.5,927,593.8,618.6,1183.5,,2.771,2.893
05.03.2021,8901.75,8794,16398,16506.5,1433,1545.5,1197,960.5,628.6,632.4,1128.3,,2.701,2.885
12.03.2021,9094,8995.5,15982.5,16083.75,1445,1541.5,1164.5,870,636.8,624.8,1200.3,,2.6,2.813
19.03.2021,9076.25,8944.5,16269,16380,1445,1621.5,1180.5,802,663.2,646.2,1200.1,,2.535,2.78
26.03.2021,8973.5,8876,16354.75,16451.75,1493.5,1666.5,1182.5,811.5,680.2,643.6,1177.9,,2.557,2.816
02.04.2021,8795,8718.5,16189,16294.5,1570.5,1589,1101.5,889.5,736,664.6,1206.5,,2.639,2.489
09.04.2021,8930,8865.25,16599,16693.75,1584,1582.5,1124.5,882,684.4,654.2,1207.1,,2.526,2.511
16.04.2021,9217.5,9142,16331,16447,1606,1646.5,1175.5,901,761.2,678.2,1207.2,,2.68,2.54
23.04.2021,9563.5,9470.75,16364.25,16490.25,1663.5,1633,1222.5,963.5,775.4,714.4,1230.6,,2.73,2.545
30.04.2021,9833,9744.5,17650,17716.5,1726,1610,1235,987.5,851.2,745,1203,,2.931,2.521
07.05.2021,10420.5,10331.5,18062.25,18140.25,1864.5,1792,1268.5,1059,918.2,792.2,1253.3,,2.958,2.557
14.05.2021,10227,10225,17521,17596.5,1922.5,1826.5,1254.5,1053,899,792.2,1221.5,,2.961,2.563
21.05.2021,9877,9857.5,16761,16883.5,1681,1640,1210.5,933,821.6,693.8,1167.8,,2.906,2.576
28.05.2021,10250.75,10243.75,18083,18205.75,1723.5,1627,1155,876.5,839.6,693,1180.8,,2.986,2.632
04.06.2021,9949.75,9958,18003.75,18100.75,1760,1828,1234,981.5,855.6,718.2,1164.4,,3.097,2.735
11.06.2021,9989.25,10010.25,18207,18280,1821.5,1936,1301,985,877.2,730.2,1151.1,,3.296,2.774
18.06.2021,9133.25,9161,17130,17231,1848.5,2107.5,1291,974.5,901.6,755.2,1041,,3.215,2.792
25.06.2021,9399.4,9422,18522.5,18564.5,1797.5,2266.5,1319,920,935.6,748,1103.6,,3.496,2.902
02.07.2021,9367,9380.5,18337,18359.5,1744,1977,1250.5,904.5,785.8,701.2,1086.3,,3.7,2.959
09.07.2021,9501.75,9544,18745.5,18749,1729.5,1931,1281,921.5,836.6,733.4,1094.7,,3.674,2.995
16.07.2021,9406.25,9438.75,19060,19051,1868.5,1922,1307.5,985.5,889.4,757,1107.7,,3.674,3.008
23.07.2021,9503.5,9518,19376.5,19358,1882,2020.5,1195,913.5,910.2,757.4,1060.1,,4.06,3.172
30.07.2021,9708.75,9745.75,19551,19535,1958,2122.5,1031.5,843.5,925.6,765.8,1046.9,,3.914,3.261
06.08.2021,9453,9492.25,19204.25,19236,1900,2346,1002,801.5,889,713,972.1,,4.14,3.357
13.08.2021,9552.25,9597.5,19642,19645.5,1966,2385,965.5,760,888,713,1025.8,,3.861,3.293
20.08.2021,9041,9034,18455,18468,1950,2812,879.5,715,957,704.2,993.9,,3.851,3.277
27.08.2021,9413.75,9396,19014.49,18983,2107,2804.5,951,732,992.8,731.4,1006.3,,4.388,3.443
03.09.2021,9425,9419,19801.25,19758.25,2138,3192.5,879.5,704,969.4,768,1021.6,,4.712,3.568
10.09.2021,9687.5,9666.5,20402.5,20192,2506.5,3573.5,833,670,1084.8,809.4,956.5,,4.938,3.794
17.09.2021,9307.25,9269.5,19380,19213,2060,3496,699,591,1270.8,822.6,930.6,,5.105,3.644
24.09.2021,9341.75,9294.5,19405.75,19281.25,2191,3676.5,688.5,623.5,1395.6,878,979.9,,5.14,3.831
01.10.2021,9128,9092.5,17970,17911.25,2411,3764,715,673,1436.8,972.2,972.7,,5.619,3.88
08.10.2021,9363.5,9310,19221.5,19138.5,2469,3583,751.5,685.5,1425.4,990.6,1027.1,,5.565,3.948
15.10.2021,10310,10163,20045,19846,2712,3772,754.5,672,2012.8,1006,1057.3,,5.41,4.104
22.10.2021,9792,9576,19817,19457,2116,3618,688.5,629.5,1706.8,930.2,1050.4,,5.28,3.996
29.10.2021,9728.5,9413,19526,19172,1818,3608,641.5,621.5,1170.6,770.4,1019.6,,5.426,4.14
05.11.2021,9582,9412.5,19462,19199,1654,2840,577,541.5,1054.2,753.8,1035.2,,5.516,4.146
12.11.2021,9776,9636,20064,19629,1690,2785,558.5,541.5,1008.8,697.4,1088.6,,4.791,4.092
19.11.2021,9744,9560.5,20152,19722.5,1488,2416.5,527.5,524.5,989.2,701,1035.2,,5.065,4.164
26.11.2021,9578,9375,20067,19458,1694.5,2556,603,571.5,981.8,713.8,953.6,,5.477,4.454
03.12.2021,9459,9294,20117,19592,1760,2057,594,594,831.4,712,926.2,,4.132,4.136
10.12.2021,9511.5,9392,19811,19375,1846.5,2063,636,613.5,817.8,715,934.2,,3.925,4.147
17.12.2021,9479.5,9302.5,19717,19278,1982,2069,686.5,640,886.6,743.4,934.5,,3.69,3.931
24.12.2021,9606.5,9422.5,20128,19699,2033.5,2130.5,699.5,652,836,741,975.1,,3.731,3.935
31.12.2021,9747.5,9599.5,20873.5,20417.5,2040,2053.5,684,632,717.4,701.6,964.4,,3.73,4.09
07.01.2022,9670,9547,20806,20415,1999,2369,717.5,668,707,723.8,956.2,,3.916,4.195
14.01.2022,9736.75,9622.25,22323.5,21644.75,2100,2467.5,739,687.5,722,714.4,963.9,,4.262,4.502
21.01.2022,9977,9789,24220,23421.5,2013,2468,760,705.5,717.6,760.4,1034,,3.999,4.282
28.01.2022,9555.5,9378,22714,21562,2044,2658,801.5,738.5,705.8,773.8,1004.9,,4.639,4.749
04.02.2022,9864,9711.05,23206,22191,2044,2658,801.5,738.5,705.8,773.8,1023.4,,4.572,4.831
11.02.2022,9892.5,9728.5,23246,22144,2178,2505.5,842,765.5,835.6,816.2,1018.1,,3.941,4.377
18.02.2022,9996.5,9790,24464,23120,2215,2590.5,688.5,643.5,878.8,787.8,1075.9,,4.431,4.687
25.02.2022,9917,9749,24758,23395,2326.5,2459,712,652,933.2,771,1048.9,,4.47,4.341
04.03.2022,10696.5,10577.25,29304,27479,2374,2805,831.5,761,863,798.4,1116.8,,5.016,4.751
11.03.2022,10174.5,10151.5,48131,46968,2592.5,3414.5,863,776,849,803.4,1088.6,,4.725,4.57
18.03.2022,10342,10251,45735,36768,2492.5,3274,851,785.5,851.8,761.4,1035.9,,4.863,4.641
25.03.2022,10255,10250.5,35487,35248,2492.5,3245,855,800,845,816.4,1008.5,,5.571,5.176
01.04.2022,10351.5,10318.25,33216,33104,2492.5,3218.5,922.5,873,806.8,784,985.9,,5.72,4.122
08.04.2022,10313.5,10328,33845,33742,2449,3220.5,934,877.5,804.4,746,972.8,,6.278,4.557
15.04.2022,10303.5,10307.25,33149,33159,2631,3265,941,878,814.8,753.6,990.3,,7.3,4.841
22.04.2022,10103.25,10116,33079,33154,2717,3079,930,836,821.2,751.8,924.8,,6.534,4.149
29.04.2022,9772.5,9777.25,31747,31832.5,2638,2990,944.5,797,824.2,704.2,937.6,,7.244,4.393
06.05.2022,9414.25,9415.25,30020.01,30305,2638,2830,952,788.5,810,715.6,955.4,,8.043,4.742
13.05.2022,9168,9140,27202.5,27445.5,2377.5,2638,892.5,744,800,767,931.8,,7.663,4.558
20.05.2022,9441,9395,27951,28146,2287.5,2808,939.5,757.5,834.8,723.8,945.1,,8.083,4.725
27.05.2022,9459.5,9456.5,28247,28476.5,2207.5,3084.5,960.5,770.5,867.4,704,945.5,,8.727,5.034
03.06.2022,9501.5,9491.5,28094,28306.5,2351.5,2881.5,975,815.5,840,706.6,1016.4,,8.523,5.343
10.06.2022,9449.5,9442.75,27218,27467,2462,3013.5,1000.5,825,875.6,694.8,971,,8.85,5.983
17.06.2022,8969,8958.25,25611,25868,2334,2849.5,939,733,803.4,708.8,930.2,,6.944,4.954
24.06.2022,8392,8382,22360,22614,1842,2802,842.5,678,850,706.8,903.7,,6.22,4.632
01.07.2022,8049.25,8043.5,21792,22008,1971.5,2570.5,805,683.5,806.8,706.4,875.4,,5.73,4.381
08.07.2022,7804.5,7809,21539.5,21815.5,1880,2564.5,815,670.5,817.2,697,895.5,,6.034,4.527
15.07.2022,7189.25,7190.5,19349,19609,1649,2448.5,726,601,798.6,695.6,844.9,,7.016,4.8
22.07.2022,7449,7460.25,22100,22334,1579,2349,718,609.5,806,689.4,862.4,,8.299,4.993
29.07.2022,7931.25,7895.25,23589,23821,1587,2313.5,832.5,690,787,744.8,884.9,,8.229,4.897
05.08.2022,7872,7876.25,22184,22462,1645,2141,768.5,681,861.4,746.8,923.1,,8.064,4.886
12.08.2022,8093.5,8079.75,22981.5,23259,1700,2169,801,696.5,850.2,747.2,958.1,,8.768,5.157
19.08.2022,8099.75,8032.5,22197,22523,1686,2109,759,645,840.6,753.4,886.5,,9.336,5.567
26.08.2022,8193.25,8120,21562,21927,1686,2157.5,793,671,865.2,836.6,854.1,,9.296,5.778
02.09.2022,7676,7591.75,20493,20813,1614.5,1959.5,738,622,820,780.2,818.3,,8.786,5.842
09.09.2022,7897.5,7797,22969,23254,1614.5,2023,781.5,650,859,928.2,876.9,,7.996,5.413
16.09.2022,7832,7690,24220.01,24468,1608.5,2158,784.5,639.5,820,862,901,,7.764,5.513
23.09.2022,7532,7411.5,23319.5,23888,1680.5,2305.5,769,647.5,850,853.8,858.7,,6.828,5.031
30.09.2022,7688,7482.5,21012,21563,1715.5,2741.5,762,657.5,819.4,790,870,,6.766,4.965
07.10.2022,7503.5,7422.75,22399,23055,1715.5,2741.5,762,657.5,819.4,790,927.2,,6.748,5.065
14.10.2022,7627,7424,21692,22187,1681.5,2568,752.5,641,818.4,779,904.2,,6.453,5.196
21.10.2022,7719.25,7541.25,21864,22429,1598,2794,729,615.5,860,767.2,943.2,,4.959,4.648
28.10.2022,7629,7489,22035,22637,1516,3260,696.5,578.5,774.4,690.8,958.4,,5.684,5.116
04.11.2022,8136,8044.5,23751,24325,1527,2509,673,587,831.2,738.8,965.1,,6.4,5.446
11.11.2022,8506.9,8451,26858,27362,1594.5,2614,717,640.5,831.2,738.8,1042.7,,5.879,5.176
18.11.2022,8065.5,8069,25257,26020,1653.5,2720.5,768.5,676,831.2,738.8,997.3,,6.303,5.287
25.11.2022,7992,8003.25,25299,25956,1584,3194,751.5,661.5,831.2,738.8,1000.8,,7.024,5.581
02.12.2022,8450.5,8423,28794,29406,1708,2187.5,776.5,731,988.6,860.2,1026.6,,6.281,5.701
09.12.2022,8529,8538.5,29273,30101,1769.5,2251,831,768.5,988.6,860.2,1036.2,,6.245,5.64
16.12.2022,8255.25,8269.25,28163,28913,1892,2417,847,793,1022.8,890,1000,,6.6,5.858
23.12.2022,8344,8349.5,29397,30342,1785,2386.5,833,771,1022.8,890,1029.6,,5.079,5.034
30.12.2022,8373.01,8353.25,29901,30787,1909.5,2486,857,811.5,921,801.4,1073.7,,4.475,5.113
06.01.2023,8589.65,8584.4,27964,28754,1754.5,2258,855,802.5,795.6,801.4,1097.3,,3.71,4.759
13.01.2023,9180,9174,26649,27433,1825,2365.5,889,826,795.6,801.4,1066.7,,3.419,4.662
20.01.2023,9319.76,9292,28616,29527,1755.5,2475,871,801,795.6,801.4,1042,,3.174,4.61
27.01.2023,9255.74,9244.75,28718.5,29615,1755.5,2475,871,801,795.6,801.4,1007.6,,2.849,4.382
03.02.2023,8970.25,8974.24,28513,29217,1671.5,2270.5,877,773.5,801,801.4,980,,2.41,4.074
10.02.2023,8844.51,8854.25,27648.25,28403,1690.5,2310,891.5,789,801,801.4,951.5,,2.514,4.078
17.02.2023,8974.25,8974.5,25641,26493,1711,2405,908,786.5,801,801.4,921.1,,2.275,3.916
24.02.2023,8705.5,8711.75,24377.5,25295,1747.5,3008,932,814,801,801.4,907.6,,2.548,4.033
03.03.2023,8976.25,8969,24489.92,25312.42,1758,1928.5,937,813,801.4,801.4,979.4,,3.009,3.939
10.03.2023,8859.5,8855.75,22556,23380,1763,1897.5,952,821,801.4,801.4,962.2,,2.43,3.624
17.03.2023,8580.25,8570.45,23228,24142,1695,1690.5,934,791,801.4,801.4,978.6,,2.338,3.439
24.03.2023,8921.75,8902,23333,24240.5,1695,1766.5,899.5,729,801.4,801.4,983.9,,2.216,3.561
31.03.2023,8994.5,8976,23685,24571,1695,1767.5,958,772.5,801.4,801.4,994.1,,2.216,3.224
07.04.2023,8799.75,8789.25,22710,23502,1618,1761,878,733.5,801.4,801.4,1014.9,,2.011,3.039
14.04.2023,9028.25,8999.5,24022,24799,1571.5,1729.5,884,702.5,801.4,801.4,1052.1,,2.114,3.058
21.04.2023,8794.5,8786.5,24419.5,25109,1502,1578.5,873,681,801.4,801.4,1136.8,,2.233,3.162
28.04.2023,8590,8606,24236.5,24794,1450.5,1324,850,655,801.4,801.4,1088.2,,2.41,3.205
05.05.2023,8575.5,8603.5,24496,25122,1373.5,1317,753.5,636.5,801.4,801.4,1076.4,,2.137,3.059
12.05.2023,8243.25,8289.01,22142,22783,1386.5,1326,771.5,641.5,801.4,801.4,1075.1,,2.266,3.057
19.05.2023,8234,8314.5,21226,21901,1312.5,1463,814,652,801.4,801.4,1083.8,,2.585,3.195
26.05.2023,8124.5,8187,21079.5,21840,1205,1300,771,618.5,801.4,801.4,1036.2,,2.417,3.123
02.06.2023,8233,8264.25,21111,21891,1221,1300.5,799,660.5,801.4,801.4,1003.5,,2.172,3.135
09.06.2023,8366.5,8380.5,21051,21766,1230.5,1347.5,856.5,690,801.4,801.4,1012.8,,2.254,3.138
16.06.2023,8567.75,8566.25,22935.75,23587,1327.5,1429.5,873.5,690.5,801.4,801.4,987.3,,2.632,3.255
23.06.2023,8401.24,8375.99,21187,21935,1327,1477.5,867,686.5,801.4,801.4,923.7,,2.729,3.291
30.06.2023,8323.75,8316.75,20394,21161,1275.5,1617,885.5,706.5,801.4,801.4,904.5,,2.798,3.363
07.07.2023,8371,8379.75,20692,21406,1279.5,1428,859,705.5,801.4,801.4,913.6,,2.582,3.336
14.07.2023,8673.25,8686.75,21496.5,22270,1321,1505.5,876.5,708,801.4,801.4,979.4,,2.539,3.329
21.07.2023,8444,8485.75,20622,21448,1349,1504.5,888.5,712.5,801.4,801.4,966.3,,2.713,3.334
28.07.2023,8648.24,8699.75,22141,22982,1344,1459,895.5,698.5,801.4,801.4,937.6,1007,2.638,3.383
04.08.2023,8560.5,8639,21195,22040,1334.5,1471,821,693,801.4,801.4,928.3,1002.1,2.577,3.321
11.08.2023,8284.75,8352.75,20068,20980,1338.5,1480.5,822.5,687.5,801.4,801.4,910.8,1003.4,2.77,3.455
18.08.2023,8243.75,8294.5,19967,20942,1329,1466,856,701.5,801.4,801.4,911.3,1001.7,2.551,3.401
25.08.2023,8349.25,8424,20641,21551,1426,1543,888,747.5,801.4,801.4,945.1,1033.5,2.54,3.383
01.09.2023,8490.75,8565.75,20989,21826,1468.5,1601.5,904,765.5,801.4,801.4,968.7,1052.5,2.765,3.344
08.09.2023,8231.5,8302.2,19919,20820,1545.5,1632,888.5,757.5,801.4,801.4,894.8,982.4,2.605,3.288
15.09.2023,8388.5,8469.75,19757,20665,1612,1744,937.5,782.5,801.4,801.4,929.5,1014.7,2.644,3.253
22.09.2023,8198.75,8339.5,19253,20257,1625,1763,943.5,763,801.4,801.4,934.1,1018.5,2.637,3.266
29.09.2023,8239,8390.25,18497,19522,1621.5,1745,930.5,746,801.4,801.4,906.8,972.8,2.929,3.379
06.10.2023,8014.25,8185,18423,19389,1621.5,1745,930.5,746,801.4,801.4,874.1,939.4,3.338,3.538
13.10.2023,7914.5,8111.99,18377,19336,1520,1696,903.5,726,801.4,801.4,877.8,944.5,3.236,3.583
20.10.2023,7916.76,8102,18431,19442,1520,1696.5,922,736.5,801.4,801.4,898.4,963.6,2.899,3.411
27.10.2023,8056.5,8251,18188,19232,1602.5,1761,941,755,801.4,801.4,897.7,962.5,3.483,3.452
03.11.2023,8148,8350.5,18090.5,19013.5,1675.5,1848.5,954,791,801.4,801.4,939.6,1003.4,3.515,3.926
10.11.2023,7994.5,8229.5,17114,18012.5,1798.5,1968.5,979.5,821.5,801.4,801.4,841.2,904.5,3.033,3.74
17.11.2023,8212.25,8481.5,16744.5,17675.66,1864.5,1982,996.5,825.5,801.4,801.4,896.8,960.4,2.96,3.605
24.11.2023,8364.75,8637.75,15970,16894,1836,1942,1014,845,801.4,801.4,932.4,997.1,2.855,3.547
01.12.2023,8584.02,8774.24,16962,17767,1931,2109,969,832,801.4,801.4,936.1,997.3,2.814,3.937
08.12.2023,8411,8597.25,16695,17565,1888,2034.5,1005,871.5,801.4,801.4,919.8,982,2.581,3.577
15.12.2023,8495.25,8658.5,17003,17805,1833.5,1980.5,1007,843,801.4,801.4,952.6,1013.3,2.491,3.555
22.12.2023,8514.5,8670,16348,17281,1853.5,2018.5,1037,861.5,801.4,801.4,981.8,1047,2.61,3.496
29.12.2023,8488.5,8648,16435,17393,1803.5,1957.5,1043,850,801.4,801.4,995,1060,2.514,3.8
05.01.2024,8420.25,8567,16257.5,17107,1790,1820.5,1064.5,870.5,801.4,801.4,963.6,1024.5,2.893,3.973
12.01.2024,8286.75,8454,16190,17041,1672,1703.5,1046.5,833.5,801.4,801.4,912.9,979.1,3.313,4.107
19.01.2024,8306.76,8431,15871,16782,1704.5,1729.5,1026.5,816,801.4,801.4,899,967.1,2.519,3.911
26.01.2024,8479.05,8645.49,16598,17526,1706.5,1729.5,1060,856.5,801.4,801.4,911.8,979.9,2.712,3.913
02.02.2024,8436.34,8593.5,16112,16974,1657.5,1649.5,1003.5,829,801.4,801.4,897.7,966,2.079,3.638
09.02.2024,8116.29,8272.04,15770,16621,1666.5,1666,1009,835.5,801.4,801.4,874.5,945.9,1.847,3.573
16.02.2024,8445.25,8568.75,16196.75,17035.5,1666.5,1666,1009,835.5,801.4,801.4,909.7,975.3,1.609,3.399
23.02.2024,8510,8653.25,17338.5,18243,1704.5,1690,967.5,787,801.4,801.4,906.9,973,1.603,3.485
01.03.2024,8472.5,8584.5,17561,18383,1685.5,1746,927,766,801.4,801.4,888,957,1.835,3.241
08.03.2024,8537.26,8676.25,17892,18676,1681,1650,908,792.5,801.4,801.4,914.8,983.6,1.805,3.241
15.03.2024,9012.25,9162.5,17929,18711,1641.5,1497,820,738,801.4,801.4,943.5,1023.1,1.655,3.193
22.03.2024,8791.02,9002.67,17099.61,17949.62,1666.5,1581.5,857,759,801.4,801.4,898.4,981.5,1.659,3.164
29.03.2024,8787.84,9010,16597.02,17428.32,1571.5,1454,786.5,710,801.4,801.4,907.7,994.8,1.763,3.008
05.04.2024,9269,9484.14,17709.87,18456.46,1549.5,1485,802.5,724.5,801.4,801.4,930.3,1015,1.785,2.968
12.04.2024,9381.34,9634.22,17673.73,18412,1675.5,1560.5,869,776,801.4,801.4,993.2,1079,1.77,3.064
19.04.2024,9819.74,9984.16,19223.72,19942.6,1762.5,1700.5,911.5,805.5,801.4,801.4,935.4,1022.9,1.752,3.022
26.04.2024,9876.97,10114.28,18977.89,19707.5,1827,1631,912.5,824.5,801.4,801.4,914.7,1002.8,1.923,3.038
03.05.2024,9848.09,10062.27,19148.03,19829.35,1831.5,1566.5,887.5,823,801.4,801.4,962.1,1055.9,2.142,3.077
10.05.2024,9936.21,10116.71,18856.96,19528.96,1875,1606,891,823.5,801.4,801.4,1004.4,1093.9,2.252,2.963
17.05.2024,10615.48,10723.25,20944.2,21660.38,1788,1462.5,896,843,801.4,801.4,1087.9,1177.3,2.626,3.089
24.05.2024,10246.51,10445.5,20090.42,20851.82,1866,1419,912,874.5,801.4,801.4,1034.8,1128.8,2.52,3.09
31.05.2024,9945.38,10202.99,19525,20295,1783.5,1185.5,884,824,801.4,801.4,1037.7,1133.7,2.587,3.228
07.06.2024,9696.05,9903.75,17905.9,18668,1751,1431,856.5,807.5,801.4,801.4,971.1,1066.7,2.918,3.36
14.06.2024,9662.62,9877,17416.78,18210,1763.5,1446,846.5,796,801.4,801.4,958.6,1053.1,2.881,3.351
21.06.2024,9591.48,9876.5,17055.45,17914.51,1747,1436.5,843.5,785,801.4,801.4,996.4,1089.2,2.705,3.302
28.06.2024,9489.46,9811.19,17093.24,17995.4,1712.5,1506,828,785,801.4,801.4,1001.9,1094.9,2.601,3.418
05.07.2024,9872.51,10162.16,17218.24,18016.33,1760,1548.5,860,820.5,801.4,801.4,1040.3,1124.9,2.319,3.367
12.07.2024,9794.55,10102.75,16694.02,17592,1726.5,1587.5,834.5,796.5,801.4,801.4,1005.7,1096.7,2.329,3.319
19.07.2024,9231.76,9550,16077.5,17055,1726.5,1639,807,756.5,801.4,801.4,966.2,1057.7,2.128,3.292
26.07.2024,9031.71,9314,15606.55,16546.4,1659,1605.5,783.5,747.5,801.4,801.4,936.3,1027.8,2.006,3.19
02.08.2024,9008.48,9292.3,16149.24,16941,1550,1419.5,780,745.5,801.4,801.4,965.6,1055.8,1.967,3.184
09.08.2024,8808.98,9062.48,16009.59,16783.91,1541.5,1398,765.5,727,801.4,801.4,927.2,1012.8,2.143,3.331
16.08.2024,9051.59,9291.5,16217.23,16970.23,1443,1362.5,723,689.5,801.4,801.4,958.6,1044.3,2.123,3.218
23.08.2024,9210.78,9483.23,16607.4,17380.58,1380,1273.5,742.5,707,801.4,801.4,961.7,1048.5,2.022,3.247
30.08.2024,9142.77,9445.77,16589.74,17385.46,1416,1272,776,731,801.4,801.4,927.8,1016.3,2.127,3.15
06.09.2024,8935.29,9199.91,15745.95,16484.24,1267.5,1215,697,662.5,801.4,801.4,918.7,1002,2.275,3.161
13.09.2024,9236.14,9480.02,15794.68,16526.14,1292,1140.5,718.5,682.5,801.4,801.4,1006.8,1083.6,2.305,3.131
20.09.2024,9386.45,9683.99,16349.42,17105.32,1328,1066.5,699,667.5,801.4,801.4,981.9,1058.4,2.434,3.219
27.09.2024,9875.03,10180.58,16803.1,17597.94,1446.5,1005,739,715.5,801.4,801.4,1008.5,1086.2,2.902,3.402
04.10.2024,9873.79,10175.73,17868.86,18571.86,1558.5,1014.5,792,770,801.4,801.4,994,1070.1,2.854,3.437
11.10.2024,9714.54,10019.98,17717.55,18434.27,1522,1210.5,786.5,758,801.4,801.4,986.7,1089.6,2.632,3.301
18.10.2024,9553.03,9887.15,16733.45,17496.28,1413,1127.5,762.5,734,801.4,801.4,1016.2,1119.7,2.258,3.178
25.10.2024,9509.74,9850,15990.11,16764.11,1460.5,1155.5,770,741.5,801.4,801.4,1028.8,1131,2.56,3.315
01.11.2024,9518.36,9821.09,15818.24,16532.24,1483,1247,775.5,746.5,801.4,801.4,999.3,1113.8,2.663,3.392
08.11.2024,9368.21,9702.5,16259,16981.06,1468,1247,788.5,760.5,801.4,801.4,975.3,1086.5,2.669,3.401
15.11.2024,8928.44,9244.02,15373.71,16136.92,1413.5,1169.5,756,730.5,801.4,801.4,941.3,1052,2.823,3.478
22.11.2024,8885.26,9212.09,15801.13,16645,1413.5,1186,782.5,744,801.4,801.4,971.2,1083.1,3.129,3.623
29.11.2024,8915.53,9243.73,15716.27,16549.62,1371,1103.5,788.5,752,801.4,801.4,949.5,1062.8,3.363,4.144
06.12.2024,9063.97,9339.46,15922.43,16682.89,1374.5,1173.5,796,746.5,801.4,801.4,933.8,1012.1,3.076,4.104
13.12.2024,8983.06,9260.21,15710.39,16463.33,1360,1168,808.5,764.5,801.4,801.4,924.3,1006.8,3.28,4.139
20.12.2024,8871.1,9161.1,15198.66,16021,1274.5,1083.5,786,739,801.4,801.4,936.4,1012.1,3.748,4.224
27.12.2024,8899.14,9191.21,15133.88,15963.37,1269.5,1011.5,778.5,735.5,801.4,801.4,919.5,996.7,3.383,4.281